Winner,Popularity,Vote_Average,IMDb_Rating
False,6.8,6.8,7.2
True,46.0,8.0,8.2
False,46.0,8.0,8.2
False,46.0,8.0,8.2
False,46.0,8.0,8.2
False,15.2,5.8,5.8
False,13.4,7.1,7.4
False,13.4,7.1,7.4
False,18.7,6.4,6.6
False,11.0,7.1,7.4
False,78.7,8.5,9.0
False,78.7,8.5,9.0
False,38.2,7.6,8.0
False,42.4,7.9,8.1
False,42.4,7.9,8.1
True,42.4,7.9,8.1
False,42.4,7.9,8.1
True,42.4,7.9,8.1
True,42.4,7.9,8.1
False,34.3,7.1,7.5
False,34.3,7.1,7.5
False,34.3,7.1,7.5
False,56.9,8.1,8.3
False,56.9,8.1,8.3
False,13.6,7.3,7.3
False,13.2,7.3,7.6
False,13.2,7.3,7.6
False,10.5,6.9,7.3
False,8.9,6.6,7.1
True,8.1,7.4,7.5
True,8.1,7.4,7.5
False,8.1,7.4,7.5
False,16.2,7.0,7.2
False,47.7,7.9,8.2
True,47.7,7.9,8.2
True,47.7,7.9,8.2
True,47.7,7.9,8.2
True,47.7,7.9,8.2
False,15.6,7.2,7.2
False,17.1,6.5,6.6
False,17.1,6.5,6.6
False,40.7,8.2,8.3
False,40.7,8.2,8.3
False,110.0,7.3,7.8
False,110.0,7.3,7.8
False,110.0,7.3,7.8
False,110.0,7.3,7.8
False,110.0,7.3,7.8
False,110.0,7.3,7.8
False,10.3,6.7,6.9
True,4.9,6.3,7.0
False,4.9,6.3,7.0
False,4.9,6.3,7.0
False,8.7,6.7,7.0
True,9.3,6.2,6.4
False,9.3,6.2,6.4
False,9.7,5.7,5.9
False,37.1,7.5,7.7
False,37.1,7.5,7.7
True,19.3,7.2,7.5
False,19.3,7.2,7.5
False,19.3,7.2,7.5
False,10.4,7.1,7.3
True,4.9,6.1,6.6
False,4.9,6.1,6.6
False,4.9,6.1,6.6
False,13.9,7.3,7.5
False,2.6,6.8,7.2
False,28.1,7.2,7.4
False,28.1,7.2,7.4
True,6.8,7.2,7.7
False,6.8,7.2,7.7
False,17.9,7.6,7.6
False,6.0,6.8,7.5
False,1.4,5.7,6.7
False,7.7,7.3,7.5
False,7.7,7.3,7.5
True,7.7,7.3,7.5
False,1.9,6.4,7.1
True,10.7,7.3,7.7
False,10.7,7.3,7.7
False,10.7,7.3,7.7
True,10.7,7.3,7.7
True,10.7,7.3,7.7
True,10.7,7.3,7.7
False,1.4,4.5,6.1
True,5.9,6.5,6.8
False,5.9,6.5,6.8
False,18.3,6.8,7.3
True,18.3,6.8,7.3
False,18.3,6.8,7.3
False,18.3,6.8,7.3
False,18.3,6.8,7.3
False,18.3,6.8,7.3
False,8.8,7.6,8.0
True,8.8,7.6,8.0
False,8.8,7.6,8.0
False,9.2,7.3,7.7
False,9.2,7.3,7.7
True,9.2,7.3,7.7
True,9.2,7.3,7.7
False,9.2,7.3,7.7
False,220.4,6.9,7.2
False,220.4,6.9,7.2
True,17.8,7.0,7.2
False,17.8,7.0,7.2
False,17.1,7.0,7.2
False,17.1,7.0,7.2
False,17.1,7.0,7.2
False,17.1,7.0,7.2
False,17.1,7.0,7.2
True,17.1,7.0,7.2
False,18.0,7.9,8.3
False,14.0,6.7,7.0
False,14.0,6.7,7.0
False,1.0,5.8,5.5
False,16.1,7.2,7.5
False,16.1,7.2,7.5
False,12.3,7.3,7.5
False,10.2,6.8,7.2
False,10.2,6.8,7.2
False,10.2,6.8,7.2
False,3.2,6.3,6.6
False,3.2,6.3,6.6
False,9.8,8.1,8.1
False,10.8,7.1,7.3
False,10.8,7.1,7.3
False,10.8,7.1,7.3
False,10.8,7.1,7.3
False,11.5,7.1,7.5
False,11.5,7.1,7.5
False,8.6,6.0,6.2
False,38.2,7.5,7.6
False,38.2,7.5,7.6
False,38.2,7.5,7.6
False,38.2,7.5,7.6
False,38.2,7.5,7.6
False,38.2,7.5,7.6
False,18.2,7.6,7.9
True,18.2,7.6,7.9
True,18.2,7.6,7.9
True,18.2,7.6,7.9
False,18.2,7.6,7.9
False,18.2,7.6,7.9
False,18.2,7.6,7.9
False,7.4,6.8,7.8
True,1.9,7.1,7.3
False,1.9,7.1,7.3
True,5.7,6.1,6.5
False,5.7,6.1,6.5
True,8.6,7.6,8.0
False,14.1,7.3,7.6
False,14.6,7.8,8.2
False,14.6,7.8,8.2
False,1.8,7.0,7.3
False,1.8,7.0,7.3
False,17.5,6.7,7.1
False,11.3,6.8,7.2
False,11.3,6.8,7.2
False,9.2,6.6,6.9
False,9.2,6.6,6.9
False,9.2,6.6,6.9
False,13.9,7.4,7.7
True,13.9,7.4,7.7
False,13.9,7.4,7.7
False,13.9,7.4,7.7
False,7.4,6.2,6.7
False,8.4,6.3,6.9
True,8.4,6.3,6.9
False,4.2,6.0,6.0
False,36.5,7.7,7.6
False,7.8,6.2,6.6
False,7.8,6.2,6.6
False,5.3,6.4,7.0
False,5.3,6.4,7.0
True,13.4,6.4,6.6
False,13.4,6.4,6.6
False,13.4,6.4,6.6
False,13.4,6.4,6.6
False,12.8,6.3,6.7
False,12.8,6.3,6.7
False,3.5,6.6,6.8
False,7.9,6.5,7.0
False,7.9,6.5,7.0
False,7.9,6.5,7.0
False,4.0,6.3,6.6
False,4.0,6.3,6.6
False,4.0,6.3,6.6
False,17.0,6.8,6.7
False,17.0,6.8,6.7
False,1.4,5.9,5.7
False,1.4,5.9,5.7
False,10.2,6.4,6.6
False,4.0,6.7,6.9
False,4.0,6.7,6.9
True,9.9,7.0,7.3
False,9.9,7.0,7.3
False,9.9,7.0,7.3
False,7.2,6.2,6.3
False,80.3,8.0,8.4
True,17.7,8.1,8.2
False,17.7,8.1,8.2
False,17.7,8.1,8.2
False,17.7,8.1,8.2
False,17.7,8.1,8.2
False,17.7,8.1,8.2
True,17.7,8.1,8.2
True,17.7,8.1,8.2
False,19.3,7.8,8.1
True,19.3,7.8,8.1
True,19.3,7.8,8.1
True,67.8,7.7,7.8
False,67.8,7.7,7.8
False,67.8,7.7,7.8
False,12.6,7.5,7.8
False,12.6,7.5,7.8
False,12.6,7.5,7.8
False,12.6,7.5,7.8
False,12.6,7.5,7.8
False,4.9,7.0,7.6
False,3.0,5.9,6.2
True,9.2,7.0,7.4
False,9.2,7.0,7.4
True,9.2,7.0,7.4
False,9.2,7.0,7.4
True,9.2,7.0,7.4
False,16.3,6.5,6.8
True,16.0,7.7,7.9
False,16.0,7.7,7.9
False,16.0,7.7,7.9
False,16.0,7.7,7.9
False,8.7,7.1,7.4
False,8.7,7.1,7.4
False,8.7,7.1,7.4
False,30.7,7.5,7.9
False,30.7,7.5,7.9
True,30.7,7.5,7.9
False,1.4,5.7,5.4
True,28.9,8.0,8.4
False,28.9,8.0,8.4
False,28.9,8.0,8.4
True,28.9,8.0,8.4
True,28.9,8.0,8.4
True,28.9,8.0,8.4
False,11.4,7.9,7.9
False,11.4,7.9,7.9
False,56.5,7.9,8.3
False,56.5,7.9,8.3
False,6.3,6.9,7.7
False,6.3,6.9,7.7
False,6.3,6.9,7.7
True,33.1,8.0,8.3
False,33.1,8.0,8.3
True,33.1,8.0,8.3
True,33.1,8.0,8.3
True,33.1,8.0,8.3
True,33.1,8.0,8.3
False,16.3,7.3,7.5
False,16.3,7.3,7.5
False,16.3,7.3,7.5
True,16.3,7.3,7.5
False,33.7,7.6,7.8
False,26.3,7.0,7.5
False,26.3,7.0,7.4
False,26.3,7.0,7.4
False,30.9,8.3,8.5
False,25.9,6.9,7.2
False,25.9,6.9,7.2
False,25.9,6.9,7.2
False,25.9,6.9,7.2
False,25.9,6.9,7.2
False,25.9,6.9,7.2
False,25.9,6.9,7.2
False,60.6,7.4,7.3
False,60.6,7.4,7.3
False,60.6,7.4,7.3
False,6.1,7.2,7.4
False,3.0,7.0,7.3
False,3.0,7.0,7.3
False,15.6,7.8,7.9
False,15.6,7.8,7.9
False,15.6,7.8,7.9
False,15.6,7.8,7.9
False,13.7,7.4,7.4
True,12.2,7.0,7.1
False,12.2,7.0,7.1
True,12.2,7.0,7.1
False,13.0,6.9,7.2
False,13.0,6.9,7.2
False,13.0,6.9,7.2
True,27.9,7.0,7.1
False,27.9,7.0,7.1
False,27.9,7.0,7.1
False,4.6,6.7,7.5
False,4.6,6.7,7.2
False,4.6,6.7,7.2
True,8.8,6.8,7.2
False,52.1,7.5,7.7
False,52.1,7.5,7.7
False,52.1,7.5,7.7
True,52.1,7.5,7.7
False,21.0,7.8,7.0
False,21.0,7.8,8.0
False,21.0,7.8,8.0
False,21.0,7.8,8.0
False,21.0,7.8,8.0
False,9.2,6.8,7.0
False,9.2,6.8,7.0
False,9.2,6.8,7.0
False,2.0,5.7,8.0
False,2.5,5.9,6.5
False,10.2,7.5,7.9
False,10.2,7.5,7.9
False,14.3,6.8,7.2
False,1.6,5.6,6.4
False,5.2,6.1,7.0
True,5.2,6.1,7.0
False,5.1,6.2,6.6
False,5.1,6.2,6.6
False,5.1,6.2,6.6
False,23.9,6.7,6.6
False,12.6,7.1,7.2
False,12.6,7.1,7.4
False,12.6,7.1,7.4
False,12.6,7.1,7.4
False,12.6,7.1,7.4
False,7.4,6.8,6.9
False,18.1,7.7,8.0
True,18.1,7.7,8.0
True,18.1,7.7,8.0
True,18.1,7.7,8.0
True,18.1,7.7,8.0
False,768.0,7.0,7.8
False,768.0,7.0,7.8
False,768.0,7.0,7.8
False,768.0,7.0,7.8
False,768.0,7.0,7.8
False,21.3,7.6,7.7
False,8.5,7.0,7.4
True,2.8,5.7,6.3
True,2.8,5.7,6.3
False,2.8,5.7,6.3
False,61.2,8.3,8.4
True,61.2,8.3,8.4
False,61.2,8.3,8.4
False,61.2,8.3,8.4
False,61.2,8.3,8.4
False,35.3,7.4,7.7
False,35.3,7.4,7.7
False,35.3,7.4,7.7
False,35.3,7.4,7.7
False,5.3,5.9,6.1
False,27.2,7.3,7.7
True,27.2,7.3,7.7
True,27.2,7.3,7.7
False,2.3,6.1,6.8
False,1.2,6.0,5.7
True,11.9,6.6,6.7
False,11.9,6.6,6.7
True,11.9,6.6,6.7
True,11.9,6.6,6.7
False,77.0,7.6,7.9
False,77.0,7.6,7.9
False,77.0,7.6,7.9
False,77.0,7.6,7.9
False,3.9,6.5,6.2
False,3.9,6.5,6.2
False,12.0,6.5,6.9
True,12.0,6.5,6.9
False,12.0,6.5,6.9
True,24.5,7.4,7.7
False,24.5,7.4,7.7
True,24.5,7.4,7.7
False,24.5,7.4,7.7
False,24.5,7.4,7.7
False,16.3,6.9,6.9
False,10.2,6.8,7.3
False,10.2,6.8,7.3
False,10.2,6.8,7.3
False,10.2,6.8,7.3
False,10.2,6.8,7.3
False,33.4,7.6,7.8
False,33.4,7.6,7.8
False,33.4,7.6,7.8
False,33.4,7.6,7.8
False,13.6,7.5,8.0
False,11.4,6.9,7.2
False,11.4,6.9,7.2
False,8.0,7.0,8.0
False,8.0,7.0,8.0
False,8.0,7.0,8.0
False,8.0,7.0,8.0
False,12.1,8.0,8.1
False,12.1,8.0,8.1
False,5.2,6.6,7.2
False,5.2,6.6,7.2
True,135.3,7.6,7.9
False,135.3,7.6,7.9
False,135.3,7.6,7.9
False,170.1,7.6,7.5
False,35.7,7.8,7.8
False,35.7,7.8,7.8
False,35.7,7.8,7.8
False,10.7,7.0,7.5
False,10.7,7.0,7.5
False,30.4,6.2,6.9
False,30.4,6.2,6.9
False,30.4,6.2,6.9
False,30.4,6.2,6.9
False,19.2,7.2,7.5
False,19.2,7.2,7.5
False,19.2,7.2,7.5
False,19.2,7.2,7.5
False,19.2,7.2,7.5
False,3.2,6.4,6.3
False,8.7,7.1,7.3
False,8.7,7.1,7.3
False,8.7,7.1,7.3
False,8.7,7.1,7.3
False,79.2,8.3,8.5
True,2.3,5.9,6.4
False,2.3,5.9,6.4
False,8.8,7.4,7.7
False,9.2,8.0,8.0
False,4.9,6.1,6.9
False,4.6,6.6,6.8
False,109.2,7.0,6.8
False,109.2,7.0,6.8
False,109.2,7.0,6.8
False,109.2,7.0,6.8
False,12.4,6.9,6.7
False,9.0,7.1,7.0
True,26.3,8.0,8.1
False,26.3,8.0,8.1
False,26.3,8.0,8.1
False,26.3,8.0,8.1
False,13.8,7.5,7.6
False,59.5,7.7,8.2
False,28.6,5.4,5.4
False,9.8,6.7,7.4
True,9.8,6.7,7.4
False,9.8,6.7,7.4
False,9.8,6.7,7.4
False,12.6,6.8,7.2
False,12.6,6.8,7.2
False,12.6,6.8,7.2
False,12.6,6.8,7.2
False,6.2,7.0,7.5
False,99.4,7.7,8.0
False,7.8,7.1,7.8
False,7.8,7.1,7.8
False,7.8,7.1,7.8
False,7.8,7.1,7.8
False,7.8,7.1,7.8
False,7.8,7.1,7.8
False,2.4,5.6,5.8
False,15.6,7.5,7.9
False,10.0,6.6,7.1
False,23.8,7.8,8.1
True,9.3,6.8,7.2
False,26.4,7.4,7.7
False,26.4,7.4,7.7
False,26.4,7.4,7.7
False,10.3,6.5,7.0
False,11.0,6.5,6.5
False,11.0,6.5,6.5
False,11.0,6.5,6.5
False,13.6,7.6,8.0
True,13.6,7.6,8.0
False,17.9,7.1,7.2
False,17.9,7.1,7.2
False,17.9,7.1,7.2
False,17.9,7.1,7.2
True,17.9,7.1,7.2
True,57.2,7.9,8.1
True,57.2,7.9,8.1
True,57.2,7.9,8.1
True,57.2,7.9,8.1
True,57.2,7.9,8.1
False,4.9,5.8,5.7
False,1.4,5.6,6.5
False,2.8,6.0,6.9
False,29.9,7.2,7.4
False,26.9,7.2,7.3
False,26.9,7.2,7.3
False,5.4,7.3,7.8
False,20.0,7.6,7.7
False,20.0,7.6,7.7
False,20.0,7.6,7.7
False,2.9,4.7,5.7
False,15.8,7.5,7.8
False,15.8,7.5,7.8
False,15.8,7.5,7.8
False,15.8,7.5,7.8
False,35.7,7.5,7.7
False,35.7,7.5,7.7
False,35.7,7.5,7.7
True,35.7,7.5,7.7
True,35.7,7.5,7.7
True,35.7,7.5,7.7
True,35.7,7.5,7.7
False,1.8,5.8,5.7
False,11.6,7.2,7.4
False,4.1,6.4,6.4
False,54.0,7.4,7.7
False,54.0,7.4,7.7
True,12.8,7.5,7.7
False,84.1,7.4,7.3
False,80.2,7.1,6.7
True,61.7,7.7,8.0
False,61.7,7.7,8.0
False,61.7,7.7,8.0
False,61.7,7.7,8.0
False,9.8,6.9,7.4
False,20.8,7.5,7.5
False,20.8,7.5,7.5
False,20.8,7.5,7.5
True,20.8,7.5,7.5
True,153.5,7.6,8.0
False,3.4,6.2,6.0
False,21.2,7.2,7.7
False,24.6,6.0,5.5
True,6.0,6.4,6.8
False,36.4,7.5,8.0
False,36.4,7.5,8.0
False,1.6,5.9,6.2
False,3.9,6.5,6.9
False,3.9,6.5,6.9
False,11.9,7.3,7.5
False,11.9,7.3,7.5
True,14.0,7.0,7.3
False,14.0,7.0,7.3
False,14.0,7.0,7.3
True,11.8,6.1,6.4
False,37.9,7.0,7.3
False,38.2,7.6,7.7
False,10.7,6.2,6.9
False,10.7,6.2,6.9
False,10.7,6.2,6.9
False,6.7,6.7,7.6
False,6.7,6.7,7.6
True,50.0,8.0,7.9
False,50.0,8.0,7.9
False,19.2,6.8,6.8
False,19.2,6.8,6.8
False,23.9,7.5,7.8
False,23.9,7.5,7.8
False,23.9,7.5,7.8
False,23.9,7.5,7.8
True,23.9,7.5,7.8
True,23.9,7.5,7.8
False,23.9,7.5,7.8
False,23.9,7.5,7.8
False,23.9,7.5,7.8
False,24.7,7.6,7.9
False,24.7,7.6,7.9
False,24.7,7.6,7.9
False,5.2,6.9,7.0
False,22.4,6.8,7.4
False,25.0,6.4,6.6
False,25.0,6.4,6.6
False,16.8,7.0,7.2
False,16.8,7.0,7.2
True,16.8,7.0,7.2
False,16.8,7.0,7.2
False,16.8,7.0,7.2
True,9.5,7.2,7.5
False,9.5,7.2,7.5
False,9.5,7.2,7.5
True,5.5,6.8,7.3
False,5.5,6.8,7.3
False,21.9,7.5,7.9
True,21.9,7.5,7.9
False,21.9,7.5,7.9
False,21.9,7.5,7.9
False,21.9,7.5,7.9
True,14.4,7.4,7.5
False,14.4,7.4,7.5
True,7.7,6.7,7.2
False,7.7,6.7,7.2
False,7.7,6.7,7.2
False,29.3,7.6,7.8
False,29.3,7.6,7.8
True,85.7,7.9,8.3
True,85.7,7.9,8.3
True,85.7,7.9,8.3
False,85.7,7.9,8.3
False,24.4,7.7,7.8
False,8.6,7.1,7.8
False,27.3,7.7,7.6
False,9.4,7.1,7.7
False,9.4,7.1,7.7
False,9.4,7.1,7.7
True,9.4,7.1,7.7
False,15.9,7.5,7.8
False,30.6,6.5,6.8
False,30.6,6.5,6.8
True,21.2,7.2,7.6
False,21.2,7.2,7.6
False,21.2,7.2,7.6
False,48.9,6.7,6.8
False,12.7,7.7,8.0
False,12.7,7.7,8.0
False,2.0,6.9,7.3
False,10.7,6.7,7.3
False,10.7,6.7,7.3
False,10.7,6.7,7.3
False,10.7,6.7,7.3
False,10.7,6.7,7.3
False,10.7,6.7,7.3
False,7.3,7.2,7.4
False,7.3,7.2,7.4
False,3.1,6.4,6.7
False,50.9,7.8,7.7
False,50.9,7.8,7.7
False,50.9,7.8,7.7
False,50.9,7.8,7.7
True,50.9,7.8,7.7
False,50.9,7.8,7.7
True,50.9,7.8,7.7
False,15.8,6.7,7.1
False,15.8,6.7,7.1
False,9.3,6.3,6.9
False,21.7,7.3,7.5
False,21.7,7.3,7.5
False,21.7,7.3,7.5
False,11.2,7.1,7.1
False,12.0,6.4,6.8
False,12.0,6.4,6.8
False,12.0,6.4,6.8
False,12.0,6.4,6.8
False,12.0,6.4,6.8
False,12.0,6.4,6.8
False,12.0,6.4,6.8
False,13.5,6.6,7.0
False,1.5,6.5,6.3
False,10.0,7.1,7.4
False,10.0,7.1,7.4
True,10.0,7.1,7.4
False,10.0,7.1,7.4
False,10.0,7.1,7.4
False,12.8,6.3,6.8
False,10.6,6.1,6.4
True,22.9,7.6,8.0
False,22.9,7.6,8.0
False,22.9,7.6,8.0
True,7.4,6.3,6.4
False,7.4,6.3,6.4
True,5.6,6.8,7.2
False,5.6,6.8,7.2
True,12.8,7.4,7.8
True,12.8,7.4,7.8
True,12.8,7.4,7.8
True,12.8,7.4,7.8
False,12.8,7.4,7.8
True,8.8,7.1,7.2
False,8.6,7.1,7.6
False,8.6,7.1,7.6
True,6.9,5.8,6.2
False,6.9,5.8,6.2
False,67.3,8.1,7.8
False,67.3,8.1,7.8
True,67.3,8.1,7.8
False,6.4,6.2,6.6
False,7.1,7.0,7.3
False,10.4,6.8,7.3
False,9.6,6.8,7.1
False,9.6,6.8,7.1
False,9.6,6.8,7.1
False,20.7,7.3,7.3
False,20.7,7.3,7.3
True,10.5,7.0,7.3
False,10.5,7.0,7.3
False,10.5,7.0,7.3
False,10.5,7.0,7.3
False,10.5,7.0,7.3
False,14.0,7.2,7.7
False,14.0,7.2,7.7
False,31.0,7.9,7.8
False,5.0,6.5,7.0
False,25.6,7.5,7.8
False,25.6,7.5,7.8
False,25.6,7.5,7.8
True,11.9,7.5,7.9
False,11.9,7.5,7.9
False,2.9,6.5,6.4
False,1.4,6.5,6.9
False,7.2,6.0,6.7
False,10.8,6.6,7.0
False,26.7,7.5,7.2
False,26.7,7.5,7.2
False,26.7,7.5,7.2
False,26.7,7.5,7.2
False,26.5,7.3,7.4
False,26.5,7.3,7.4
False,31.1,8.2,8.5
False,31.1,8.2,8.5
False,31.1,8.2,8.5
True,31.1,8.2,8.5
False,6.7,6.3,6.6
False,33.0,8.0,8.2
False,48.0,7.7,7.8
True,11.4,6.4,6.8
False,12.7,7.7,7.9
False,12.7,7.7,7.9
False,12.7,7.7,7.9
False,12.7,7.7,7.9
False,12.7,7.7,7.9
False,71.5,8.0,8.1
False,12.8,6.5,6.6
False,5.9,5.5,5.8
True,5.9,5.5,5.8
True,5.9,5.5,5.8
False,17.6,8.1,8.0
False,6.7,6.6,7.3
False,6.7,6.6,7.3
False,6.7,6.6,7.3
False,21.7,7.6,7.7
False,21.7,7.6,7.7
False,19.0,7.4,7.5
False,0.8,5.7,6.0
False,17.6,6.8,7.1
False,17.6,6.8,7.1
True,17.6,6.8,7.1
True,17.6,6.8,7.1
False,18.0,6.5,7.0
True,6.8,6.5,7.0
False,9.0,6.7,6.7
False,19.5,7.1,7.2
False,19.5,7.1,7.2
False,19.5,7.1,7.2
True,19.5,7.1,7.2
False,19.5,7.1,7.2
False,19.5,7.1,7.2
True,19.5,7.1,7.2
False,19.5,7.1,7.2
False,9.5,6.9,7.2
True,9.5,6.9,7.2
False,9.5,6.9,7.2
False,9.5,6.9,7.2
False,9.5,6.9,7.2
False,36.5,7.6,7.9
False,36.5,7.6,7.9
False,10.9,8.1,8.3
False,29.8,7.9,8.2
False,29.8,7.9,8.2
False,29.8,7.9,8.2
False,29.8,7.9,8.2
False,29.8,7.9,8.2
True,29.8,7.9,8.2
False,15.1,7.0,7.2
False,15.1,7.0,7.2
False,15.1,7.0,7.2
False,15.1,7.0,7.2
False,9.8,5.6,5.8
False,9.8,5.6,5.8
False,9.8,5.6,5.8
False,9.8,5.6,5.8
True,9.8,5.6,5.8
False,2.9,6.8,6.8
False,22.7,7.6,8.0
False,29.2,8.0,8.3
False,29.2,8.0,8.3
False,29.2,8.0,8.3
True,29.2,8.0,8.3
False,47.0,8.4,8.6
False,47.0,8.4,8.6
False,47.0,8.4,8.6
True,13.4,6.4,6.8
False,4.8,7.0,7.1
True,8.2,6.0,6.8
False,8.2,6.0,6.8
False,29.7,7.0,7.0
True,29.7,7.0,7.0
False,29.7,7.0,7.0
False,35.5,7.4,7.6
True,35.5,7.4,7.6
False,35.5,7.4,7.6
False,24.3,6.8,7.2
False,24.3,6.8,7.2
True,11.6,7.3,7.5
False,11.6,7.3,7.5
False,11.6,7.3,7.5
False,11.6,7.3,7.5
True,14.8,6.6,6.7
True,36.0,7.9,8.0
True,36.0,7.9,8.0
True,36.0,7.9,8.0
False,24.3,6.9,7.2
True,24.3,6.9,7.2
False,24.3,6.9,7.2
False,12.4,7.4,7.5
False,12.4,7.4,7.5
False,30.6,7.2,7.5
True,6.2,6.8,6.9
True,2.6,7.4,7.5
False,2.6,7.4,7.5
False,1.4,7.0,6.9
False,3.8,6.3,7.1
False,3.8,6.3,7.1
False,3.8,6.3,7.1
False,3.8,6.3,7.1
False,4.3,6.0,6.3
True,10.4,7.0,7.3
False,10.4,7.0,7.3
True,10.4,7.0,7.3
False,10.4,7.0,7.3
False,10.4,7.0,7.3
False,10.4,7.0,7.3
True,10.4,7.0,7.3
False,255.2,7.1,7.4
False,255.2,7.1,7.4
False,255.2,7.1,7.4
False,255.2,7.1,7.4
False,2.1,6.4,6.4
False,3.1,6.6,6.5
False,21.2,7.7,8.1
True,21.2,7.7,8.1
True,4.2,5.6,5.5
False,2.1,6.2,6.5
False,2.9,6.4,6.6
False,3.6,6.2,6.6
False,3.6,6.2,6.6
False,6.5,6.4,6.7
False,24.3,7.2,7.7
False,24.3,7.2,7.7
True,24.3,7.2,7.7
True,24.3,7.2,7.7
True,11.9,6.9,7.2
False,11.9,6.9,7.2
False,55.9,7.4,7.6
True,11.8,7.9,8.1
False,11.8,7.9,8.1
False,11.8,7.9,8.1
False,8.8,7.4,7.8
False,8.8,7.4,7.8
False,8.8,7.4,7.8
False,4.8,6.1,6.3
False,4.8,6.1,6.3
False,4.8,6.1,6.3
False,2.8,6.5,6.9
False,2.8,6.5,6.9
False,15.3,6.6,7.3
False,15.3,6.6,7.3
False,15.3,6.6,7.3
False,15.3,6.6,7.3
True,25.4,7.4,7.9
False,25.4,7.4,7.9
False,25.4,7.4,7.9
False,25.4,7.4,7.9
False,9.0,7.0,7.4
True,7.3,6.8,7.4
False,13.1,7.3,7.5
True,24.9,7.9,7.9
True,24.9,7.9,7.9
False,24.9,7.9,7.9
False,24.9,7.9,7.9
False,27.2,6.6,6.7
False,43.6,7.8,8.0
False,43.6,7.8,8.0
False,43.6,7.8,8.0
True,43.6,7.8,8.0
True,43.6,7.8,8.0
True,43.6,7.8,8.0
True,43.6,7.8,8.0
True,4.7,6.7,6.8
False,19.5,7.2,7.5
False,19.5,7.2,7.5
False,19.5,7.2,7.5
True,19.5,7.2,7.5
False,9.7,6.8,7.3
False,5.3,7.0,7.4
False,5.3,7.0,7.4
True,25.8,7.4,7.4
False,25.8,7.4,7.4
False,25.8,7.4,7.4
True,9.3,6.7,7.0
False,9.3,6.7,7.0
False,9.3,6.7,7.0
True,9.3,6.7,7.0
False,29.1,8.1,8.4
False,29.1,8.1,8.4
False,29.1,8.1,8.4
False,11.5,6.7,6.9
False,6.1,5.8,6.1
False,4.3,7.3,7.2
False,8.8,6.6,7.3
False,10.3,7.8,8.0
False,10.3,7.8,8.0
False,10.3,7.8,8.0
True,17.7,7.5,8.0
False,8.6,7.5,7.9
False,8.6,7.5,7.9
False,7.5,7.0,7.2
False,7.5,7.0,7.2
False,7.5,7.0,7.2
False,23.1,7.3,7.5
True,23.1,7.3,7.5
False,23.1,7.3,7.5
False,63.9,8.3,8.1
False,63.9,8.3,8.1
False,63.9,8.3,8.1
True,63.9,8.3,8.1
False,2.6,6.9,7.2
False,2.6,6.9,7.2
False,2.6,6.9,7.2
False,2.6,6.9,7.2
False,3.6,6.7,7.2
False,13.6,7.3,7.3
False,14.2,7.3,7.7
False,14.2,7.3,7.7
True,7.6,6.5,6.8
False,4.1,6.8,6.5
False,6.2,7.0,7.5
False,6.2,7.0,7.5
False,6.2,7.0,7.5
False,4.0,6.4,6.9
False,14.4,6.1,6.2
False,14.4,6.1,6.2
False,2.5,5.9,6.5
False,14.0,6.8,7.0
False,8.8,6.9,7.2
True,3.7,5.1,6.1
False,3.7,5.1,6.1
False,45.5,7.4,7.9
False,45.5,7.4,7.9
False,8.3,6.3,6.5
False,3.6,5.8,6.3
False,9.2,7.9,8.0
False,9.2,7.9,8.0
True,9.2,7.9,8.0
True,69.6,8.2,8.5
False,69.6,8.2,8.5
False,69.6,8.2,8.5
True,69.6,8.2,8.5
False,19.4,7.8,7.9
False,19.4,7.8,7.9
False,12.1,6.2,6.2
False,12.1,6.2,6.2
False,28.6,7.5,7.9
True,28.6,7.5,7.9
False,28.6,7.5,7.9
False,28.6,7.5,7.9
False,6.6,7.1,7.7
False,6.6,7.1,7.7
False,6.6,7.1,7.7
False,6.6,7.1,7.7
False,19.9,7.8,8.0
False,19.9,7.8,8.0
False,19.9,7.8,8.0
False,19.9,7.8,8.0
True,19.9,7.8,8.0
False,33.1,7.1,7.2
False,33.1,7.1,7.2
False,24.1,7.5,7.7
False,20.0,8.1,8.3
False,20.0,8.1,8.3
False,20.0,8.1,8.3
False,20.0,8.1,8.3
False,15.7,7.2,7.5
False,15.7,7.2,7.5
False,15.7,7.2,7.5
False,15.7,7.2,7.5
False,15.7,7.2,7.5
False,2.5,6.0,6.4
False,4.2,6.3,7.4
True,10.3,7.3,7.6
False,10.3,7.3,7.6
False,9.2,6.4,6.8
False,33.7,8.1,8.4
False,33.7,8.1,8.4
False,33.7,8.1,8.4
False,0.9,6.0,6.5
False,3.4,6.4,5.9
False,3.4,6.4,5.9
False,23.2,6.7,6.6
True,23.2,6.7,6.6
False,16.9,7.4,7.5
False,16.9,7.4,7.5
False,16.9,7.4,7.5
False,22.0,7.2,7.3
False,22.0,7.2,7.3
True,22.0,7.2,7.3
True,22.0,7.2,7.3
True,22.0,7.2,7.3
False,8.1,6.4,7.0
False,8.1,6.4,7.0
False,10.6,6.3,6.7
False,10.6,6.3,6.7
True,130.7,7.8,8.0
False,130.7,7.8,8.0
False,130.7,7.8,8.0
False,225.8,8.2,8.5
False,225.8,8.2,8.5
False,56.1,7.4,7.8
False,56.1,7.4,7.8
False,56.1,7.4,7.8
False,50.3,7.5,7.9
False,50.3,7.5,7.9
False,50.3,7.5,7.9
False,50.3,7.5,7.9
False,15.6,6.1,5.9
False,2.2,6.3,5.8
False,26.5,7.4,7.6
False,19.5,7.1,7.3
True,12.3,7.5,7.8
False,8.4,6.8,7.2
False,8.4,6.8,7.2
False,8.4,6.8,7.2
False,2.9,6.5,6.5
False,18.0,6.2,6.4
False,7.5,7.2,7.7
False,17.2,6.9,7.2
False,24.0,7.2,7.4
False,24.0,7.2,7.4
False,24.0,7.2,7.4
False,20.1,6.7,6.8
False,11.8,6.7,7.1
True,11.7,7.2,7.7
True,11.7,7.2,7.7
False,11.7,7.2,7.7
False,48.1,7.5,7.3
False,48.1,7.5,7.3
False,48.1,7.5,7.3
False,307.8,7.3,6.4
False,307.8,7.3,6.4
False,307.8,7.3,6.4
False,307.8,7.3,6.4
False,307.8,7.3,6.4
False,307.8,7.3,6.4
False,1.9,6.5,6.9
False,9.2,6.7,6.7
False,20.3,7.5,7.7
False,5.2,6.6,7.3
False,5.2,6.6,7.3
False,3.7,6.3,6.5
False,3.7,6.3,6.5
False,3.7,6.3,6.5
False,6.5,7.0,7.1
False,6.5,7.0,7.1
False,30.2,7.4,7.4
True,30.2,7.4,7.4
False,30.2,7.4,7.4
False,30.2,7.4,7.4
False,30.2,7.4,7.4
False,0.5,5.4,5.5
False,69.0,8.1,8.3
True,69.0,8.1,8.3
False,8.3,7.3,7.5
True,71.2,7.8,7.8
True,71.2,7.8,7.8
True,71.2,7.8,7.8
False,71.2,7.8,7.8
True,71.2,7.8,7.8
True,71.2,7.8,7.8
True,71.2,7.8,7.8
False,17.7,6.1,6.3
False,37.5,7.6,7.7
False,19.5,6.9,7.3
False,3.9,7.0,7.4
False,3.9,7.0,7.4
False,11.5,6.6,6.7
False,11.5,6.6,6.7
False,18.3,7.0,6.9
False,18.3,7.0,6.9
False,8.7,7.3,7.5
False,8.7,7.3,7.5
False,10.4,7.1,7.6
False,10.4,7.1,7.6
False,10.4,7.1,7.6
False,13.2,6.4,6.6
False,4.4,6.8,7.1
False,4.4,6.8,7.1
False,4.4,6.8,7.1
True,11.7,7.8,8.1
False,11.7,7.8,8.1
False,11.7,7.8,8.1
False,9.8,6.7,6.8
False,8.9,7.0,7.3
False,8.9,7.0,7.3
False,8.9,7.0,7.3
False,21.0,7.9,8.1
False,13.5,6.6,7.0
False,30.9,7.9,8.1
True,30.9,7.9,8.1
False,30.9,7.9,8.1
False,30.9,7.9,8.1
False,30.9,7.9,8.1
True,30.9,7.9,8.1
False,10.3,7.0,7.3
False,24.7,6.8,6.9
False,24.7,6.8,6.9
False,24.7,6.8,6.9
False,24.7,6.8,6.9
False,24.7,6.8,6.9
False,4.0,6.4,7.0
True,10.7,7.0,7.3
False,10.2,7.0,7.1
False,10.2,7.0,7.1
False,11.3,6.9,7.1
False,16.5,8.1,8.0
False,16.5,8.1,8.0
False,10.6,6.7,6.9
False,23.4,6.9,7.2
True,23.4,6.9,7.2
False,23.4,6.9,7.2
False,23.4,6.9,7.2
False,19.0,7.7,8.0
False,19.0,7.7,8.0
True,19.0,7.7,8.0
False,19.0,7.7,8.0
False,19.0,7.7,8.0
False,16.9,7.1,7.5
False,16.9,7.1,7.5
False,105.1,7.8,8.2
False,18.8,7.3,7.7
False,18.8,7.3,7.7
False,18.8,7.3,7.7
False,1.7,7.8,7.0
False,10.3,7.0,7.1
False,8.2,7.1,7.4
False,8.2,7.1,7.4
False,8.2,7.1,7.4
False,7.5,7.6,7.6
False,6.9,6.9,7.3
False,3.0,6.6,7.3
False,22.3,6.5,6.2
False,28.3,6.8,7.3
False,28.3,6.8,7.3
False,2.8,5.5,5.6
False,10.0,6.7,6.8
False,4.1,6.1,6.9
False,15.1,6.9,6.9
False,6.3,6.2,6.4
False,11.1,6.5,6.8
False,11.1,6.5,6.8
False,11.1,6.5,6.8
True,11.1,6.5,6.8
False,11.1,6.5,6.8
False,52.7,8.0,8.1
False,11.9,7.0,7.4
False,11.9,7.0,7.4
False,11.9,7.0,7.4
False,11.9,7.0,7.4
True,127.9,8.5,8.8
False,127.9,8.5,8.8
False,127.9,8.5,8.8
True,127.9,8.5,8.8
True,127.9,8.5,8.8
True,127.9,8.5,8.8
False,4.3,6.5,6.9
False,4.3,6.5,6.9
False,4.3,6.5,6.9
False,2.7,7.0,7.1
False,11.7,7.0,7.4
False,32.0,6.8,7.1
False,32.0,6.8,7.1
False,19.4,6.7,7.0
False,19.4,6.7,7.0
False,19.4,6.7,7.0
False,19.4,6.7,7.0
False,6.6,6.9,7.2
False,6.6,6.9,7.2
False,5.0,6.5,7.2
False,13.6,7.4,7.3
False,26.4,7.7,7.7
False,26.4,7.7,7.7
False,7.7,6.6,7.4
False,7.7,6.6,7.4
False,7.7,6.6,7.4
False,7.7,6.6,7.4
False,10.6,7.3,7.6
False,10.6,7.3,7.6
True,10.6,7.3,7.6
False,10.6,7.3,7.6
True,10.6,7.3,7.6
True,10.6,7.3,7.6
True,10.6,7.3,7.6
True,10.6,7.3,7.6
False,13.3,7.3,7.6
False,13.3,7.3,7.6
False,13.3,7.3,7.6
False,13.3,7.3,7.6
False,12.4,6.7,7.1
False,12.4,6.7,7.1
False,58.6,8.1,8.2
False,13.4,7.0,7.0
False,13.4,7.0,7.0
True,8.9,7.2,7.3
False,8.9,7.2,7.3
False,8.9,7.2,7.3
False,8.9,7.2,7.3
False,5.4,5.2,6.4
False,3.5,6.4,7.2
False,1.0,6.0,6.8
True,18.5,7.6,8.0
True,18.5,7.6,8.0
True,18.5,7.6,8.0
True,18.5,7.6,8.0
True,18.5,7.6,8.0
False,26.9,7.3,7.5
False,26.9,7.3,7.5
False,26.9,7.3,7.5
False,26.9,7.3,7.5
False,26.9,7.3,7.5
False,16.2,7.5,7.8
True,16.2,7.5,7.8
False,16.2,7.5,7.8
False,16.2,7.5,7.8
False,16.2,7.5,7.8
False,8.1,7.4,7.9
False,8.9,7.0,7.2
False,8.9,7.0,7.2
True,8.9,7.0,7.2
False,8.9,7.0,7.2
True,8.9,7.0,7.2
True,8.9,7.0,7.2
False,4.2,5.9,6.5
False,4.9,6.3,6.9
False,4.9,6.3,6.9
False,4.9,6.3,6.9
False,59.7,7.6,7.8
False,59.7,7.6,7.8
False,59.7,7.6,7.8
True,59.7,7.6,7.8
True,43.1,7.2,7.1
False,43.1,7.2,7.1
True,43.1,7.2,7.1
False,9.3,7.1,7.3
False,10.8,6.6,6.7
False,18.9,7.6,7.6
False,18.9,7.6,7.6
False,18.9,7.6,7.6
True,18.9,7.6,7.6
False,18.9,7.6,7.6
False,18.9,7.6,7.6
True,14.4,6.2,6.7
True,14.4,6.2,6.7
True,14.4,6.2,6.7
False,15.3,6.6,6.9
True,28.2,7.6,7.3
False,0.6,6.2,7.1
True,148.8,8.2,8.5
False,148.8,8.2,8.5
False,148.8,8.2,8.5
False,148.8,8.2,8.5
True,148.8,8.2,8.5
False,148.8,8.2,8.5
False,47.0,7.0,7.1
False,17.1,7.3,7.7
False,9.8,6.9,7.1
True,20.0,7.5,7.8
True,20.0,7.5,7.8
False,7.8,7.0,7.3
False,7.8,7.0,7.3
True,7.8,7.0,7.3
True,7.7,6.7,7.0
False,7.7,6.7,7.0
True,7.7,6.7,7.0
False,7.7,6.7,7.0
True,7.7,6.7,7.0
True,7.7,6.7,7.0
False,26.8,7.3,7.6
False,108.3,7.9,8.1
False,44.1,7.9,8.2
True,44.1,7.9,8.2
False,44.1,7.9,8.2
True,44.1,7.9,8.2
True,44.1,7.9,8.2
True,44.1,7.9,8.2
True,44.1,7.9,8.2
True,81.6,8.5,8.7
False,81.6,8.5,8.7
False,81.6,8.5,8.7
False,81.6,8.5,8.7
False,81.6,8.5,8.7
False,20.6,7.3,7.3
False,15.1,7.1,7.4
False,15.1,7.1,7.4
False,15.1,7.1,7.4
False,15.1,7.1,7.4
False,15.1,7.1,7.4
False,81.8,8.2,8.3
True,81.8,8.2,8.3
False,81.8,8.2,8.3
False,81.8,8.2,8.3
False,81.8,8.2,8.3
True,81.8,8.2,8.3
True,8.1,7.3,7.9
False,8.1,7.3,7.9
False,8.1,7.3,7.9
False,8.1,7.3,7.9
False,11.9,6.7,6.9
False,13.5,7.0,7.0
False,13.5,7.0,7.0
False,14.6,6.8,7.2
False,14.6,6.8,7.2
False,14.6,6.8,7.2
False,14.6,6.8,7.2
True,14.6,6.8,7.2
False,8.5,6.5,6.8
True,12.3,6.9,7.3
False,12.7,7.8,8.1
False,39.0,7.2,7.7
True,39.0,7.2,7.7
True,39.0,7.2,7.7
False,39.0,7.2,7.7
True,12.5,7.3,7.8
False,12.5,7.3,7.8
False,12.5,7.3,7.8
False,76.2,8.2,8.2
True,76.2,8.2,8.2
True,76.2,8.2,8.2
True,76.2,8.2,8.2
False,11.7,6.1,6.3
False,1.6,6.1,6.8
False,2.5,6.6,6.0
False,20.4,6.3,6.4
False,20.4,6.3,6.4
False,13.6,7.6,7.6
False,13.6,7.6,7.6
True,13.6,7.6,7.6
False,13.6,7.6,7.6
False,13.6,7.6,7.6
False,13.6,7.6,7.6
True,13.6,7.6,7.6
False,7.4,6.5,7.2
False,7.7,6.6,7.1
False,6.9,6.3,7.1
False,113.5,8.2,8.1
False,113.5,8.2,8.1
False,113.5,8.2,8.1
False,4.0,7.0,7.6
False,9.1,6.6,7.1
False,2.5,6.6,6.7
True,11.0,7.4,7.6
False,11.0,7.4,7.6
False,11.0,7.4,7.6
True,11.0,7.4,7.6
False,12.2,7.3,7.7
True,14.7,7.5,7.8
True,14.7,7.5,7.8
False,14.7,7.5,7.8
False,14.7,7.5,7.8
True,14.7,7.5,7.8
False,3.7,6.3,6.8
False,9.5,6.6,7.0
False,17.5,7.3,6.7
True,7.2,7.1,7.4
False,7.2,7.1,7.4
False,112.3,7.7,7.6
False,10.3,7.7,7.9
True,10.3,7.7,7.9
False,13.0,6.7,7.2
False,6.8,6.4,6.5
False,6.8,6.4,6.5
False,9.9,6.9,7.3
False,9.9,6.9,7.3
False,9.5,6.6,6.9
False,9.5,6.6,6.9
False,9.5,6.6,6.9
False,9.5,6.6,6.9
False,9.5,6.6,6.9
False,9.5,6.6,6.9
False,9.5,6.6,6.9
False,7.6,6.9,7.3
False,13.9,7.0,7.3
False,0.8,6.4,6.3
False,21.9,7.3,7.6
False,21.9,7.3,7.6
False,21.9,7.3,7.6
False,12.5,6.4,7.3
False,11.3,7.0,7.1
False,11.3,7.0,7.1
False,1.9,6.2,6.5
False,10.9,6.1,6.3
False,8.0,6.6,7.0
False,8.0,6.6,7.0
False,12.1,7.2,7.5
False,12.1,7.2,7.5
False,46.6,7.9,8.0
True,46.6,7.9,8.0
False,6.7,6.9,7.5
False,6.7,6.9,7.5
False,6.7,6.9,7.5
False,6.7,6.9,7.5
False,3.5,5.8,6.2
False,5.0,6.2,7.0
False,98.2,8.1,7.8
False,98.2,8.1,7.8
False,98.2,8.1,7.8
True,17.3,7.7,7.9
False,17.3,7.7,7.9
False,17.3,7.7,7.9
False,8.5,6.7,7.3
False,8.5,6.7,7.3
False,31.9,6.7,6.7
False,14.7,7.7,7.9
False,12.5,6.3,6.6
False,2.6,6.6,7.3
False,2.6,6.6,7.3
False,2.4,6.2,6.3
False,2.3,5.7,5.7
False,2.5,5.6,6.5
False,12.7,6.6,7.0
False,11.2,7.1,7.4
False,7.5,6.9,7.3
False,7.5,6.9,7.3
False,7.5,6.9,7.3
False,7.5,6.9,7.3
False,1.6,6.6,6.8
False,24.1,7.7,8.1
False,24.1,7.7,8.1
False,24.1,7.7,8.1
False,23.9,7.3,7.5
False,12.8,7.2,7.5
False,12.8,7.2,7.5
False,14.7,6.4,6.7
True,15.5,7.3,7.7
False,15.5,7.3,7.7
True,15.5,7.3,7.7
True,15.5,7.3,7.7
False,22.7,7.0,7.0
False,22.7,7.0,7.0
True,22.7,7.0,7.0
True,17.9,7.0,7.4
False,17.9,7.0,7.4
False,17.9,7.0,7.4
False,17.9,7.0,7.4
False,17.9,7.0,7.4
True,17.9,7.0,7.4
False,14.3,7.3,7.8
True,14.3,7.3,7.8
True,14.3,7.3,7.8
True,14.3,7.3,7.8
False,14.3,7.3,7.8
True,24.5,7.2,7.5
False,24.5,7.2,7.5
False,24.5,7.2,7.5
False,24.5,7.2,7.5
False,7.9,7.0,7.5
False,7.9,7.0,7.5
False,10.9,7.3,7.5
False,10.9,7.3,7.5
False,15.0,7.1,7.3
False,7.7,7.8,8.2
False,7.7,7.8,8.2
False,43.6,7.6,7.6
False,3.3,6.6,7.4
False,3.3,6.6,7.4
False,4.5,7.1,7.9
False,4.5,7.1,7.9
False,4.5,7.1,7.9
False,4.5,7.1,7.9
False,4.5,7.1,7.9
True,8.6,6.9,7.4
False,8.6,6.9,7.4
False,8.6,6.9,7.4
False,23.4,7.5,7.5
True,23.4,7.5,7.5
False,13.6,6.5,6.8
False,90.3,7.8,8.9
False,90.3,7.8,8.9
False,8.9,6.2,6.6
False,7.7,7.2,7.4
True,12.4,6.9,7.1
False,12.4,6.9,7.1
False,1.7,6.7,7.1
False,6.3,7.0,7.5
False,9.9,7.4,7.8
False,9.9,7.4,7.8
False,10.0,6.5,6.4
False,5.8,7.2,7.7
False,5.8,7.2,7.7
False,5.8,7.2,7.7
False,24.9,7.5,7.9
False,9.5,7.5,7.9
False,9.5,7.5,7.9
False,10.8,6.6,7.3
True,2.6,5.3,5.5
False,2.6,5.3,5.5
False,2.6,5.3,5.5
False,2.6,5.3,5.5
True,4.9,6.4,6.7
False,4.9,6.4,6.7
False,11.2,6.9,7.4
False,11.2,6.9,7.4
False,11.2,6.9,7.4
False,11.2,6.9,7.4
False,11.2,6.9,7.4
True,21.1,7.6,7.9
False,21.1,7.6,7.9
True,21.1,7.6,7.9
False,24.7,7.0,7.2
False,24.7,7.0,7.2
False,11.6,7.0,7.4
False,16.7,7.9,8.1
False,16.7,7.9,8.1
False,16.7,7.9,8.1
False,16.7,7.9,8.1
False,16.7,7.9,8.1
False,16.7,7.9,8.1
False,16.3,6.8,7.2
False,7.6,6.8,7.2
True,139.4,8.4,8.8
False,139.4,8.4,8.8
False,139.4,8.4,8.8
False,12.5,7.0,7.0
True,77.9,8.2,8.4
False,77.9,8.2,8.4
False,77.9,8.2,8.4
False,77.9,8.2,8.4
False,77.9,8.2,8.4
False,26.5,6.6,6.6
False,9.1,7.7,8.1
False,9.1,7.7,8.1
False,5.8,5.7,6.2
False,20.3,7.2,7.4
False,3.6,6.4,7.0
False,135.8,7.9,8.1
False,10.6,6.8,7.3
False,10.6,6.8,7.3
False,10.6,6.8,7.3
False,10.6,6.8,7.3
False,3.3,6.7,6.6
False,2.3,5.5,6.7
False,36.6,7.8,8.1
False,17.5,5.8,5.9
False,18.0,7.2,7.3
False,18.0,7.2,7.3
True,11.0,6.4,7.0
False,11.0,6.4,7.0
False,11.0,6.4,7.0
False,18.3,7.4,7.3
False,18.3,7.4,7.3
False,7.5,6.4,6.7
False,7.5,6.4,6.7
False,14.1,7.2,7.1
False,4.2,6.1,7.0
False,6.9,6.4,7.1
True,19.0,7.8,8.1
True,19.0,7.8,8.1
True,19.0,7.8,8.1
True,19.0,7.8,8.1
False,15.4,7.0,7.5
False,38.4,8.3,8.6
False,38.4,8.3,8.6
False,38.4,8.3,8.6
False,10.1,6.8,6.7
False,10.1,6.8,6.7
False,11.1,6.5,6.6
False,32.0,7.4,7.5
False,4.5,5.2,4.7
False,12.9,6.3,6.5
False,52.8,7.7,8.1
False,31.9,7.0,7.3
True,31.9,7.0,7.3
False,31.9,7.0,7.3
False,31.9,7.0,7.3
True,8.1,7.0,7.4
True,8.1,7.0,7.4
False,8.1,7.0,7.4
False,8.1,7.0,7.4
False,26.1,7.6,8.0
True,26.1,7.6,8.0
False,26.1,7.6,8.0
False,26.1,7.6,8.0
False,26.1,7.6,8.0
False,8.4,6.0,6.4
False,8.4,6.0,6.4
True,8.4,6.0,6.4
False,6.1,6.8,7.7
False,6.1,6.8,7.7
True,6.1,6.8,7.7
False,6.1,6.8,7.7
False,6.1,6.8,7.7
False,6.1,6.8,7.7
False,6.1,6.8,7.7
True,3.3,6.1,7.0
False,40.3,8.0,7.9
False,40.3,8.0,7.9
True,40.3,8.0,7.9
True,81.4,8.1,8.3
False,81.4,8.1,8.3
False,81.4,8.1,8.3
False,81.4,8.1,8.3
False,81.4,8.1,8.3
False,1.3,6.0,6.6
False,7.6,6.0,6.0
False,19.1,6.5,6.6
False,2.5,6.5,6.9
False,2.5,6.5,6.9
True,20.6,7.3,7.4
False,20.6,7.3,7.4
False,20.6,7.3,7.4
False,20.6,7.3,7.4
False,20.6,7.3,7.4
True,29.6,8.0,8.2
False,29.6,8.0,8.2
False,29.6,8.0,8.2
False,29.6,8.0,8.2
False,29.6,8.0,8.2
False,29.6,8.0,8.2
False,29.6,8.0,8.2
True,12.6,6.7,6.8
True,10.0,6.5,7.2
False,10.0,6.5,7.2
False,10.0,6.5,7.2
True,10.0,6.5,7.2
False,10.0,6.5,7.2
False,10.0,6.5,7.2
False,10.0,6.5,7.2
False,2.7,5.7,6.3
False,21.0,6.7,7.0
False,10.6,7.0,7.2
False,10.6,7.0,7.2
False,10.6,7.0,7.2
False,7.3,6.6,6.9
False,8.7,6.3,6.7
False,23.0,7.1,7.4
False,23.0,7.1,7.4
False,23.0,7.1,7.4
True,23.0,7.1,7.4
True,1.4,5.7,6.2
True,9.7,7.5,7.7
False,9.8,6.3,6.8
False,57.3,7.4,7.6
False,57.3,7.4,7.6
False,57.3,7.4,7.6
False,57.3,7.4,7.6
False,57.3,7.4,7.6
False,19.0,6.2,5.9
False,8.1,7.0,7.4
True,23.6,7.6,7.5
False,23.6,7.6,7.5
False,23.6,7.6,7.5
False,23.6,7.6,7.5
True,7.0,6.5,6.8
False,7.0,6.5,6.8
False,3.8,7.2,7.5
False,3.8,7.2,7.5
False,10.9,6.6,7.1
False,3.6,5.0,6.1
False,8.2,7.0,7.4
True,14.4,7.0,7.3
False,14.4,7.0,7.3
False,14.4,7.0,7.3
False,14.4,7.0,7.3
True,4.2,6.5,6.9
False,4.2,6.5,6.9
False,4.2,6.5,6.9
True,11.3,6.8,7.1
False,91.7,7.8,7.9
False,3.9,6.5,6.6
True,18.5,7.6,7.8
False,18.5,7.6,7.8
False,18.5,7.6,7.8
True,18.5,7.6,7.8
False,18.5,7.6,7.8
True,18.5,7.6,7.8
True,18.5,7.6,7.8
True,18.5,7.6,7.8
False,11.6,6.8,7.0
True,25.7,7.8,8.2
False,25.7,7.8,8.2
False,25.7,7.8,8.2
False,25.7,7.8,8.2
True,25.7,7.8,8.2
False,8.2,6.8,7.2
False,8.2,6.8,7.2
False,15.8,8.1,8.0
False,15.8,8.1,8.0
False,3.7,6.3,7.5
False,95.6,7.9,8.0
True,95.6,7.9,8.0
True,95.6,7.9,8.0
True,95.6,7.9,8.0
False,95.6,7.9,8.0
False,95.6,7.9,8.0
False,10.9,7.9,8.0
True,12.5,7.4,7.5
False,29.4,7.3,7.4
False,29.4,7.3,7.4
False,29.4,7.3,7.4
False,29.4,7.3,7.4
False,29.4,7.3,7.4
False,5.9,7.1,7.4
False,5.9,7.1,7.4
False,5.9,7.1,7.4
False,1.6,4.7,5.9
False,2.0,6.1,6.1
False,4.1,6.9,7.1
False,23.5,7.2,7.3
False,7.9,6.6,7.1
False,3.3,6.4,7.0
False,68.9,6.9,7.0
False,68.9,6.9,7.0
False,11.4,7.4,7.8
False,13.4,7.6,7.9
True,13.4,7.6,7.9
False,13.4,7.6,7.9
False,31.1,8.0,8.3
False,31.1,8.0,8.3
True,31.1,8.0,8.3
True,31.1,8.0,8.3
True,31.1,8.0,8.3
False,8.5,7.4,7.6
True,8.5,7.4,7.6
True,21.1,7.3,7.5
False,21.1,7.3,7.5
False,21.1,7.3,7.5
False,21.1,7.3,7.5
True,32.5,7.4,7.5
False,9.7,7.2,7.5
False,9.7,7.2,7.5
False,9.7,7.2,7.5
False,9.7,7.2,7.5
False,9.7,7.2,7.5
False,9.7,7.2,7.5
False,5.4,7.2,7.6
False,5.4,7.2,7.6
False,35.8,7.3,7.5
True,35.8,7.3,7.5
False,35.8,7.3,7.5
False,29.5,7.5,7.8
False,29.5,7.5,7.8
False,29.5,7.5,7.8
False,7.1,7.3,7.8
False,23.6,7.0,7.1
False,23.6,7.0,7.1
False,23.6,7.0,7.1
False,1.5,4.0,7.3
True,55.9,8.4,8.6
False,55.9,8.4,8.6
False,55.9,8.4,8.6
False,55.9,8.4,8.6
True,44.5,7.4,7.9
True,44.5,7.4,7.9
False,44.5,7.4,7.9
False,44.5,7.4,7.9
False,6.5,6.5,7.1
False,6.5,6.5,7.1
False,10.6,7.4,7.6
False,10.6,7.4,7.6
False,5.3,6.7,7.2
False,5.3,6.7,7.2
False,5.3,6.7,7.2
True,8.6,7.3,7.6
False,8.6,7.3,7.6
False,8.6,7.3,7.6
False,8.6,7.3,7.6
True,20.9,6.9,7.3
False,20.9,6.9,7.3
False,20.9,6.9,7.3
False,20.9,6.9,7.3
False,20.9,6.9,7.3
False,20.9,6.9,7.3
False,20.9,6.9,7.3
False,23.6,8.1,8.0
False,23.6,8.1,8.0
False,23.6,8.1,8.0
False,23.6,8.1,8.0
False,23.6,8.1,8.0
False,9.7,7.5,7.6
False,33.4,7.1,7.5
False,33.4,7.1,7.5
False,33.4,7.1,7.5
False,3.3,6.5,7.2
False,3.3,6.5,7.2
True,22.1,7.7,7.8
False,22.1,7.7,7.8
False,22.1,7.7,7.8
True,22.1,7.7,7.8
False,8.1,6.5,7.0
False,8.1,6.8,7.2
False,8.1,6.8,7.2
False,11.6,7.4,7.2
False,19.4,7.3,7.3
False,42.4,7.9,7.8
False,42.4,7.9,7.8
False,42.4,7.9,7.8
False,42.4,7.9,7.8
False,14.2,7.0,7.2
False,14.2,7.0,7.2
False,64.1,7.8,8.1
False,13.0,6.6,6.7
False,10.0,7.0,7.4
False,4.5,6.1,6.6
False,4.9,7.0,7.6
False,5.1,6.8,7.6
False,7.3,6.3,6.7
False,7.3,6.3,6.7
False,15.0,7.1,7.3
False,15.0,7.1,7.3
False,13.5,7.0,7.6
False,13.5,7.0,7.6
False,34.2,7.4,7.7
False,34.2,7.4,7.7
False,34.2,7.4,7.7
True,34.2,7.4,7.7
False,3.2,6.6,6.0
False,6.2,7.0,7.3
False,6.2,7.0,7.3
False,6.2,7.0,7.3
False,6.0,5.9,6.5
False,4.6,6.4,7.1
False,5.8,6.7,7.1
False,16.6,6.8,6.9
False,16.6,6.8,6.9
False,16.6,6.8,6.9
False,16.6,6.8,6.9
False,16.6,6.8,6.9
False,4.0,6.8,7.4
False,4.0,6.8,7.4
False,4.0,6.8,7.4
False,6.2,7.0,7.1
False,3.0,5.1,6.7
False,7.1,6.7,7.0
False,9.9,7.1,7.4
True,9.9,7.1,7.4
False,9.9,7.1,7.4
False,20.9,7.0,7.5
False,20.9,7.0,7.5
False,20.9,7.0,7.5
False,10.8,6.7,6.9
False,10.8,6.7,6.9
False,1.0,6.9,7.1
False,104.8,7.6,8.1
False,104.8,7.6,8.1
False,104.8,7.6,8.1
False,5.6,7.2,7.2
False,5.6,7.2,7.2
False,5.6,7.2,7.2
False,1.0,6.0,5.6
False,1.0,6.0,5.6
False,14.8,6.3,6.5
False,14.8,6.3,6.5
False,14.8,6.3,6.5
False,14.8,6.3,6.5
False,14.8,6.3,6.5
False,5.7,6.8,7.0
False,21.5,7.7,8.0
False,21.5,7.7,8.0
False,20.0,7.5,7.7
False,45.8,7.4,7.4
False,6.8,6.7,7.3
True,33.5,7.5,7.8
False,33.5,7.5,7.8
False,33.5,7.5,7.8
False,33.5,7.5,7.8
False,33.5,7.5,7.8
True,33.5,7.5,7.8
False,15.8,7.7,7.9
False,15.8,7.7,7.9
False,15.1,6.7,6.8
False,15.1,6.7,6.8
True,15.1,6.7,6.8
False,15.1,6.7,6.8
False,15.1,6.7,6.8
False,17.0,7.2,7.4
False,23.3,6.9,7.1
False,89.4,6.7,6.5
False,9.6,7.2,7.4
False,4.8,6.4,7.3
False,4.8,6.4,7.3
True,0.6,6.0,6.8
False,8.1,5.9,5.9
False,11.0,7.7,7.4
False,34.0,7.7,7.9
False,34.0,7.7,7.9
True,34.0,7.7,7.9
False,34.0,7.7,7.9
False,34.0,7.7,7.9
False,11.6,5.9,6.2
False,2.5,7.0,6.8
False,11.6,6.7,6.7
True,36.4,7.6,7.8
False,36.4,7.6,7.8
False,36.4,7.6,7.8
False,36.4,7.6,7.8
False,5.3,6.7,7.2
True,30.4,7.2,7.5
False,30.4,7.2,7.5
False,30.4,7.2,7.5
False,19.2,7.4,7.6
False,9.3,7.3,7.9
False,24.8,6.6,6.8
False,10.5,7.1,7.6
False,15.9,7.0,7.5
False,6.9,6.4,6.8
True,6.9,6.4,6.8
True,6.9,6.4,6.8
False,56.4,8.2,8.4
True,24.7,7.7,7.3
False,10.8,7.1,7.6
False,2.9,7.1,7.3
False,2.9,7.1,7.3
False,8.0,6.9,7.3
False,17.1,6.8,7.2
False,17.1,6.8,7.2
True,17.1,6.8,7.2
False,17.1,6.8,7.2
False,17.1,6.8,7.2
False,17.1,6.8,7.2
False,13.1,6.9,7.1
False,18.1,7.5,7.8
False,18.1,7.5,7.8
False,18.1,7.5,7.8
True,18.1,7.5,7.8
True,18.1,7.5,7.8
False,21.1,7.5,7.6
False,21.1,7.5,7.6
False,21.1,7.5,7.6
True,21.1,7.5,7.6
False,30.6,7.5,7.6
False,30.6,7.5,7.6
True,30.6,7.5,7.6
True,10.5,6.7,7.0
False,10.5,6.7,7.0
True,9.7,7.6,7.9
False,9.7,7.6,7.9
False,9.7,7.6,7.9
False,9.7,7.6,7.9
False,9.7,7.6,7.9
True,9.9,7.2,7.5
False,9.9,7.2,7.5
False,9.9,7.2,7.5
False,9.9,7.2,7.5
True,9.9,7.2,7.5
False,31.6,8.0,8.1
True,31.6,8.0,8.1
True,31.6,8.0,8.1
True,31.6,8.0,8.1
True,31.6,8.0,8.1
False,31.6,8.0,8.1
False,4.0,6.4,6.5
True,2.7,6.3,6.7
False,21.0,7.3,7.4
True,21.0,7.3,7.4
False,21.0,7.3,7.4
False,21.0,7.3,7.4
False,21.0,7.3,7.4
True,19.6,7.4,7.9
False,19.6,7.4,7.9
True,25.5,7.8,7.8
False,10.4,7.3,7.7
False,10.4,7.3,7.7
False,10.4,7.3,7.7
True,10.4,7.3,7.7
False,26.7,7.7,7.8
False,26.7,7.7,7.8
True,26.7,7.7,7.8
False,26.7,7.7,7.8
False,26.7,7.7,7.8
False,3.2,7.0,7.0
False,8.5,6.4,6.6
False,8.5,6.4,6.6
False,20.1,7.1,7.4
False,8.7,7.0,7.6
False,8.7,6.9,7.3
False,33.7,7.3,7.6
False,33.7,7.3,7.6
False,33.7,7.3,7.6
False,33.7,7.3,7.6
False,9.6,7.7,7.8
True,23.4,7.2,7.3
True,15.3,6.8,7.0
False,15.3,6.8,7.0
True,30.7,7.4,7.4
False,30.7,7.4,7.4
False,30.7,7.4,7.4
False,30.7,7.4,7.4
True,30.7,7.4,7.4
True,30.7,7.4,7.4
False,21.0,7.7,7.8
False,19.8,6.9,7.2
True,19.8,6.9,7.2
True,19.8,6.9,7.2
False,19.8,6.9,7.2
False,19.8,6.9,7.2
True,19.8,6.9,7.2
False,3.6,6.4,6.8
False,1.7,6.2,6.7
False,7.7,6.8,7.0
True,5.7,6.1,6.4
False,6.3,6.3,7.0
False,6.3,6.3,7.0
False,6.3,6.3,7.0
False,2.0,5.3,6.4
False,7.3,6.7,7.0
False,7.3,6.7,7.0
False,7.3,6.7,7.0
False,7.3,6.7,7.0
False,26.6,7.6,7.6
False,26.6,7.6,7.6
False,26.6,7.6,7.6
False,2.2,6.3,6.3
False,2.2,6.3,6.3
False,5.9,6.0,6.6
False,12.2,7.5,7.8
True,12.2,7.5,7.8
False,12.2,7.5,7.8
False,17.4,7.0,7.3
False,4.4,5.7,5.9
False,4.8,6.7,7.6
False,4.8,6.7,7.6
False,13.3,7.9,8.1
False,13.3,7.9,8.1
False,13.3,7.9,8.1
False,13.3,7.9,8.1
False,13.3,7.9,8.1
False,12.4,6.5,6.8
False,9.0,6.8,7.2
False,11.6,6.7,7.0
False,9.8,7.0,7.6
False,9.8,7.0,7.6
True,9.8,7.0,7.6
False,9.8,7.0,7.6
True,9.8,7.0,7.6
True,9.8,7.0,7.6
True,9.8,7.0,7.6
False,3.4,6.1,7.0
False,3.4,6.1,7.0
False,12.9,7.4,7.4
False,12.9,7.4,7.4
False,12.9,7.4,7.4
False,56.2,7.8,7.9
False,25.1,7.1,7.5
False,25.1,7.1,7.5
False,25.1,7.1,7.5
False,29.2,7.1,7.3
True,29.2,7.1,7.3
False,29.2,7.1,7.3
False,29.2,7.1,7.3
False,5.7,6.4,7.2
False,5.5,6.1,7.0
False,5.5,6.1,7.0
False,8.9,7.1,7.3
False,1.2,6.0,6.7
False,8.1,6.7,6.7
False,15.0,7.4,7.6
False,15.0,7.4,7.6
False,15.0,7.4,7.6
False,15.0,7.4,7.6
True,15.0,7.4,7.6
False,13.1,7.0,7.2
False,13.1,7.0,7.2
False,13.3,6.7,6.8
False,12.0,6.5,6.6
False,5.7,6.7,7.0
False,5.7,6.7,7.0
True,21.0,7.5,7.6
True,19.2,7.5,7.8
False,19.2,7.5,7.8
False,19.2,7.5,7.8
True,19.2,7.5,7.8
True,19.2,7.5,7.8
True,19.2,7.5,7.8
False,8.6,6.7,7.3
False,3.1,6.7,6.8
True,14.7,7.5,7.8
True,14.7,7.5,7.8
False,14.7,7.5,7.8
False,14.7,7.5,7.8
False,14.7,7.5,7.8
False,15.5,7.2,7.6
False,15.5,7.2,7.6
False,7.1,7.6,7.9
False,7.1,7.6,7.9
False,7.1,7.6,7.9
False,7.1,7.6,7.9
False,7.1,7.6,7.9
False,2.7,6.7,7.0
False,10.6,6.7,6.9
False,10.6,6.7,6.9
True,29.1,7.7,7.9
True,29.1,7.7,7.9
False,29.1,7.7,7.9
False,29.1,7.7,7.9
False,29.1,7.7,7.9
False,29.1,7.7,7.9
False,9.9,7.2,7.6
False,9.9,7.2,7.6
False,9.9,7.2,7.6
False,9.9,7.2,7.6
True,7.2,7.2,7.3
False,7.2,7.2,7.3
False,7.2,7.2,7.3
False,3.9,5.1,6.5
False,0.3,5.0,5.9
False,14.7,7.4,7.7
False,14.7,7.4,7.7
False,14.7,7.4,7.7
False,14.7,7.4,7.7
False,14.7,7.4,7.7
False,14.7,7.4,7.7
False,11.4,6.6,6.5
True,18.0,7.8,8.1
False,18.0,7.8,8.1
False,18.0,7.8,8.1
True,18.0,7.8,8.1
True,18.0,7.8,8.1
False,18.0,7.8,8.1
False,18.0,7.8,8.1
False,18.0,7.8,8.1
True,18.0,7.8,8.1
False,11.5,7.8,7.7
False,6.4,6.8,7.3
False,6.4,6.8,7.3
False,6.4,6.8,7.3
False,17.3,7.0,6.8
False,9.6,6.9,7.2
False,9.6,6.9,7.2
False,9.6,6.9,7.2
False,46.9,6.5,7.6
False,46.9,6.5,7.6
False,2.5,7.1,7.2
False,2.5,7.1,7.2
False,54.3,7.7,7.8
False,22.9,7.0,7.0
False,22.9,7.0,7.0
False,11.1,5.5,5.8
False,13.7,7.5,7.8
False,13.7,7.5,7.8
False,10.5,6.9,7.1
False,10.5,6.9,7.1
False,10.5,6.9,7.1
True,78.8,7.9,8.2
False,78.8,7.9,8.2
True,78.8,7.9,8.2
True,78.8,7.9,8.2
True,78.8,7.9,8.2
False,13.2,6.9,7.3
False,13.2,6.9,7.3
False,38.2,7.4,7.4
True,18.8,7.2,7.3
False,18.8,7.2,7.3
True,18.8,7.2,7.3
True,18.8,7.2,7.3
False,18.8,7.2,7.3
False,4.7,6.2,6.4
True,4.7,6.2,6.4
True,6.5,7.2,7.3
False,6.5,7.2,7.3
False,6.5,7.2,7.3
False,21.2,8.0,8.3
False,16.7,7.2,7.3
False,16.7,7.2,7.3
False,5.7,6.3,6.3
False,7.4,6.3,7.0
False,1515.7,6.6,7.6
False,19.3,7.1,7.4
False,19.3,7.1,7.4
False,19.3,7.1,7.4
False,17.5,7.7,7.9
False,17.5,7.7,7.9
False,11.2,7.3,7.9
False,11.2,7.3,7.9
False,13.0,7.1,7.1
False,13.0,7.1,7.1
False,19.5,7.3,7.7
False,19.5,7.3,7.7
False,6.1,6.5,7.0
False,2.6,5.8,6.8
False,6.3,7.3,7.8
False,6.3,7.3,7.8
False,11.4,6.6,7.0
False,17.3,7.0,7.4
False,17.3,7.0,7.4
False,17.3,7.0,7.4
True,17.3,7.0,7.4
True,17.3,7.0,7.4
True,10.9,7.2,7.6
True,10.9,7.2,7.6
False,10.9,7.2,7.6
False,10.9,7.2,7.6
False,10.9,7.2,7.6
False,10.9,7.2,7.6
True,10.9,7.2,7.6
True,22.9,7.9,8.1
False,22.9,7.9,8.1
False,22.9,7.9,8.1
False,22.9,7.9,8.1
True,22.9,7.9,8.1
True,22.9,7.9,8.1
True,22.9,7.9,8.1
True,22.9,7.9,8.1
False,63.7,7.4,7.6
True,63.7,7.4,7.6
False,63.7,7.4,7.6
False,63.7,7.4,7.6
False,63.7,7.4,7.6
False,63.7,7.4,7.6
True,40.8,8.4,8.7
False,40.8,8.4,8.7
True,40.8,8.4,8.7
False,40.8,8.4,8.7
True,40.8,8.4,8.7
True,40.8,8.4,8.7
True,40.8,8.4,8.7
False,4.2,6.5,7.0
False,1.4,6.4,6.7
False,14.1,7.0,7.1
False,14.1,7.0,7.1
False,4.2,5.5,5.6
False,4.2,5.5,5.6
False,4.2,5.5,5.6
False,3.8,6.4,7.0
False,1.0,6.8,7.4
False,12.7,6.5,6.9
False,13.1,6.7,7.1
False,14.9,7.5,7.9
False,7.9,7.3,7.6
False,2.4,6.0,6.4
False,2.4,6.0,6.4
False,2.4,6.0,6.4
False,11.2,7.2,7.3
False,3.9,5.7,5.9
True,130.7,8.1,8.3
True,130.7,8.1,8.3
False,130.7,8.1,8.3
True,130.7,8.1,8.3
True,130.7,8.1,8.3
True,130.7,8.1,8.3
False,130.7,8.1,8.3
False,2.6,6.4,7.0
False,2.6,6.4,7.0
False,2.6,6.4,7.0
False,2.6,6.4,7.0
False,2.6,6.4,6.7
False,3.6,5.8,6.5
False,3.6,5.8,6.5
False,16.0,7.2,7.1
False,16.0,7.2,7.1
True,16.0,7.2,7.1
True,16.0,7.2,7.1
True,16.0,7.2,7.1
True,16.0,7.2,7.1
False,16.3,6.7,7.0
False,13.7,7.4,7.5
True,62.8,7.8,8.2
False,62.8,7.8,8.2
False,10.9,7.9,8.1
True,10.9,7.9,8.1
False,26.2,6.8,7.1
True,109.9,8.5,8.5
True,109.9,8.5,8.5
True,109.9,8.5,8.5
False,12.5,6.7,7.1
False,4.9,6.8,7.3
False,4.9,6.8,7.3
False,41.3,7.7,7.8
False,41.3,7.7,7.8
True,13.7,7.5,8.0
False,13.7,7.5,8.0
True,13.7,7.5,8.0
True,13.7,7.5,8.0
False,8.8,6.1,6.4
False,8.8,6.1,6.4
False,8.6,7.3,7.7
False,5.4,6.1,6.5
False,6.9,6.6,7.0
False,4.9,6.1,6.0
False,2.6,5.5,6.3
False,2.6,6.1,6.5
False,8.1,6.7,7.2
False,8.1,6.7,7.2
False,8.1,6.7,7.2
False,8.1,6.7,7.2
False,8.1,6.7,7.2
False,8.1,6.7,7.2
False,8.1,6.7,7.2
False,8.1,6.7,7.2
True,9.0,6.2,6.4
False,21.5,7.3,7.4
False,21.5,7.3,7.4
False,21.5,7.3,7.4
False,21.5,7.3,7.4
True,23.1,7.7,7.7
False,23.1,7.7,7.7
False,13.4,7.4,7.6
False,13.4,7.4,7.6
False,13.4,7.4,7.6
False,9.1,7.4,7.6
False,18.3,7.0,7.0
False,7.3,6.5,7.0
False,2.2,6.0,6.1
False,14.3,7.1,7.4
False,14.3,7.1,7.4
True,14.3,7.1,7.4
False,5.3,7.1,7.2
False,5.3,7.1,7.2
False,5.3,7.1,7.2
False,147.7,7.8,8.1
False,8.9,7.2,7.4
True,8.9,7.2,7.4
False,8.9,7.2,7.4
False,8.9,7.2,7.4
False,8.9,7.2,7.4
True,8.9,7.2,7.4
False,44.5,7.7,8.1
False,44.5,7.7,8.1
False,44.5,7.7,8.1
True,44.5,7.7,8.1
True,44.5,7.7,8.1
False,44.5,7.7,8.1
False,11.2,7.3,7.1
False,9.4,6.7,7.0
True,9.4,6.7,7.0
False,77.5,7.7,7.8
True,77.5,7.7,7.8
False,77.5,7.7,7.8
False,77.5,7.7,7.8
False,77.5,7.7,7.8
False,77.5,7.7,7.8
False,3.7,6.1,7.2
False,7.4,7.1,7.6
False,6.6,6.8,7.1
False,8.6,6.6,6.7
False,21.0,7.3,7.3
True,21.0,7.3,7.3
False,21.0,7.3,7.3
False,21.0,7.3,7.3
True,21.0,7.3,7.3
False,68.5,7.5,7.1
False,77.8,8.1,7.8
False,23.1,7.7,7.7
False,10.6,6.3,6.7
False,10.6,6.3,6.7
False,4.0,6.5,6.8
False,3.4,6.0,6.9
False,8.8,7.0,7.4
True,2.0,6.4,6.7
False,85.5,8.1,8.2
False,10.8,5.9,6.2
False,10.8,5.9,6.2
False,10.8,5.9,6.2
False,1.5,5.9,6.4
False,8.9,6.4,6.7
False,8.9,6.4,6.7
True,8.9,6.4,6.7
False,8.9,6.4,6.7
False,8.9,6.4,6.7
False,8.9,6.4,6.7
False,24.3,7.4,7.5
False,24.3,7.4,7.5
False,24.3,7.4,7.5
True,24.3,7.4,7.5
False,45.7,8.4,8.5
False,45.7,8.4,8.5
False,45.7,8.4,8.5
False,120.3,8.5,8.9
False,120.3,8.5,8.9
False,120.3,8.5,8.9
False,120.3,8.5,8.9
False,120.3,8.5,8.9
True,120.3,8.5,8.9
False,7.4,7.0,7.7
False,7.4,7.0,7.7
False,7.4,7.0,7.7
False,5.3,6.5,6.7
False,15.4,7.1,7.2
False,12.4,7.3,7.5
False,12.4,7.3,7.5
False,12.4,7.3,7.5
False,12.4,7.3,7.5
False,15.6,7.1,7.1
False,15.6,7.1,7.1
False,15.6,7.1,7.1
False,15.6,7.1,7.1
False,11.2,6.7,7.0
False,9.1,6.3,6.7
False,5.6,6.6,7.2
False,5.6,6.6,7.2
False,5.6,6.6,7.2
False,8.9,7.0,7.4
False,8.7,7.0,7.3
False,8.7,7.0,7.3
False,8.7,7.0,7.3
False,8.7,7.0,7.3
False,1520.3,7.9,8.4
False,1520.3,7.9,8.4
False,1520.3,7.9,8.4
True,29.2,7.8,8.0
False,29.2,7.8,8.0
True,29.2,7.8,8.0
True,29.2,7.8,8.0
True,29.2,7.8,8.0
False,5.1,6.4,6.3
False,6.4,6.2,6.6
False,6.4,6.2,6.6
False,24.7,8.1,8.2
False,24.7,8.1,8.2
False,9.3,7.3,7.9
False,9.3,7.3,7.9
False,9.3,7.3,7.9
False,143.8,7.8,8.1
True,18.5,7.4,7.7
False,18.5,7.4,7.7
False,18.5,7.4,7.7
False,8.1,6.4,6.6
False,31.2,8.4,8.5
False,31.2,8.4,8.5
False,21.2,7.9,8.1
False,21.2,7.9,8.1
False,21.2,7.9,8.1
True,21.2,7.9,8.1
False,21.2,7.9,8.1
True,21.2,7.9,8.1
False,24.0,7.9,8.1
False,24.0,7.9,8.1
False,24.0,7.9,8.1
False,13.0,6.9,7.3
False,13.0,6.9,7.3
False,13.0,6.9,7.3
True,13.0,6.9,7.3
True,13.0,6.9,7.3
True,13.0,6.9,7.3
False,13.0,6.9,7.3
False,13.0,6.9,7.3
False,19.7,8.0,8.3
False,3.3,6.5,7.1
False,3.3,6.5,7.1
False,1.1,6.5,6.8
False,1.1,6.5,6.8
False,1.9,6.8,6.0
True,12.7,6.7,7.2
False,12.7,6.7,7.2
False,12.7,6.7,7.2
False,34.2,7.0,7.3
False,7.2,7.1,7.4
False,17.7,7.4,7.5
False,5.2,7.2,7.2
False,4.3,6.9,7.0
False,20.3,7.4,7.7
True,20.3,7.4,7.7
False,4.5,6.6,7.1
False,13.7,6.7,6.9
False,51.3,7.8,8.1
False,51.3,7.8,8.1
False,51.3,7.8,8.1
False,51.3,7.8,8.1
True,51.3,7.8,8.1
True,51.3,7.8,8.1
False,51.3,7.8,8.1
False,3.6,5.3,6.6
False,15.9,7.6,7.7
False,15.9,7.6,7.7
True,15.9,7.6,7.7
True,15.9,7.6,7.7
False,15.9,7.6,7.7
False,15.9,7.6,7.7
False,26.8,7.9,8.0
True,26.8,7.9,8.0
False,26.8,7.9,8.0
False,26.8,7.9,8.0
False,26.8,7.9,8.0
False,18.4,6.3,6.5
False,2.9,6.3,5.7
False,2.9,6.3,5.7
False,6.9,6.2,6.5
False,6.9,6.2,6.5
False,6.9,6.2,6.5
True,20.9,7.4,7.6
False,20.9,7.4,7.6
False,20.9,7.4,7.6
True,19.7,8.0,8.1
False,19.7,8.0,8.1
False,19.7,8.0,8.1
False,19.7,8.0,8.1
False,5.6,6.8,7.6
True,5.6,6.8,7.6
False,5.6,6.8,7.6
False,5.6,6.8,7.6
False,5.6,6.8,7.6
True,27.7,7.8,8.0
False,5.4,7.1,7.6
False,16.8,6.9,7.2
False,16.8,6.9,7.2
False,11.0,7.5,7.6
False,11.0,7.5,7.6
False,11.5,6.6,6.5
True,8.8,7.1,7.4
False,8.8,7.1,7.4
True,8.8,7.1,7.4
False,24.8,7.5,7.6
False,24.8,7.5,7.6
False,24.8,7.5,7.6
False,2.4,6.8,7.2
False,2.4,6.8,7.2
False,10.6,7.2,7.5
False,10.6,7.2,7.5
False,2.8,5.2,6.3
False,14.2,7.0,7.4
False,14.2,7.0,7.4
False,5.5,6.6,7.2
False,5.5,6.6,7.2
False,5.5,6.6,7.2
False,29.2,6.5,6.8
False,8.3,6.6,7.1
False,8.3,6.6,7.1
False,8.3,6.6,7.1
False,2.0,4.5,5.7
False,7.8,6.4,7.0
False,1.1,5.2,5.4
False,3.4,5.7,6.4
False,22.9,6.7,6.8
True,6.1,6.6,6.9
False,6.1,6.6,6.9
False,73.7,8.2,8.6
True,73.7,8.2,8.6
True,73.7,8.2,8.6
False,73.7,8.2,8.6
False,73.7,8.2,8.6
False,9.8,6.6,7.0
True,9.8,6.6,7.0
True,9.8,6.6,7.0
False,9.8,6.6,7.0
False,9.8,6.6,7.0
False,9.8,6.6,7.0
False,8.0,7.5,7.6
True,43.9,7.8,8.0
False,43.9,7.8,8.0
False,43.9,7.8,8.0
False,43.9,7.8,8.0
False,108.1,8.6,9.0
False,108.1,8.6,9.0
True,108.1,8.6,9.0
True,108.1,8.6,9.0
True,108.1,8.6,9.0
True,108.1,8.6,9.0
False,13.9,7.1,7.3
False,13.9,7.1,7.3
False,13.9,7.1,7.3
False,7.9,7.2,7.8
False,23.1,7.1,7.4
False,14.5,7.3,7.6
False,12.2,7.5,8.0
False,12.2,7.5,8.0
False,12.2,7.5,8.0
False,12.2,7.5,8.0
False,12.2,7.5,8.0
False,14.2,7.4,7.5
False,48.1,7.4,7.7
False,48.1,7.4,7.7
False,48.1,7.4,7.7
False,48.1,7.4,7.7
True,48.1,7.4,7.7
True,7.1,6.9,7.4
False,7.1,6.9,7.4
True,7.1,6.9,7.4
False,7.1,6.9,7.4
False,7.1,6.9,7.4
False,63.9,6.7,7.1
True,11.4,7.2,7.7
False,11.4,7.2,7.7
False,11.4,7.2,7.7
False,11.4,7.2,7.7
False,11.4,7.2,7.7
False,11.4,7.2,7.7
False,18.8,7.5,7.7
False,8.0,7.5,7.8
False,8.0,7.5,7.8
False,8.0,7.5,7.8
False,19.6,7.2,7.3
False,19.6,7.2,7.3
False,9.8,7.2,7.8
False,27.1,6.9,7.2
False,12.1,7.0,7.3
False,12.6,6.7,6.9
False,8.8,6.9,7.3
False,8.8,6.9,7.3
False,20.9,6.9,7.1
True,20.9,6.9,7.1
True,20.9,6.9,7.1
False,20.9,6.9,7.1
False,20.9,6.9,7.1
True,20.9,6.9,7.1
True,20.9,6.9,7.1
False,8.8,6.0,6.4
True,8.8,6.0,6.4
False,8.8,6.0,6.4
False,16.5,7.4,7.6
False,16.5,7.4,7.6
True,16.5,7.4,7.6
False,16.5,7.4,7.6
False,16.5,7.4,7.6
True,14.6,6.9,7.3
False,14.6,6.9,7.3
False,14.6,6.9,7.3
False,16.6,6.7,7.1
False,6.7,5.8,6.3
True,14.6,6.8,7.2
True,10.3,7.4,7.6
False,10.3,7.4,7.6
False,10.3,7.4,7.6
False,10.3,7.4,7.6
False,10.3,7.4,7.6
False,7.1,6.5,7.0
False,7.1,6.5,7.0
False,7.1,6.5,7.0
True,7.1,6.5,7.0
False,7.1,6.5,7.0
False,7.6,6.3,7.2
False,12.7,7.8,8.0
False,16.3,7.2,7.6
False,6.7,6.0,6.8
False,141.7,7.7,7.9
False,62.8,7.4,7.7
False,14.4,7.1,7.5
False,14.4,7.1,7.5
False,14.4,7.1,7.5
False,14.4,7.1,7.5
True,14.4,7.1,7.5
False,28.1,7.1,7.2
False,14.3,7.0,7.1
False,14.3,7.0,7.1
False,14.3,7.0,7.1
False,14.3,7.0,7.1
False,38.4,7.1,7.7
False,38.4,7.1,7.7
True,38.4,7.1,7.7
False,38.4,7.1,7.7
False,38.4,7.1,7.7
False,38.4,7.1,7.7
False,38.4,7.1,7.7
False,4.5,6.5,7.5
False,4.5,6.5,7.5
False,4.5,6.5,7.5
False,4.5,6.5,7.5
False,4.5,6.5,7.5
False,60.8,7.5,7.7
False,60.8,7.5,7.7
False,32.4,8.1,8.3
False,2.1,6.5,7.2
False,4.0,7.1,7.4
False,20.5,6.4,6.8
False,3.3,6.0,6.3
True,3.3,6.0,6.3
False,3.3,6.0,6.3
False,42.4,7.2,7.8
False,30.7,6.7,6.8
False,29.8,7.2,7.3
False,11.0,7.7,8.0
False,11.0,7.7,8.0
False,11.0,7.7,8.0
False,13.7,7.5,8.0
True,13.7,7.5,8.0
True,30.7,7.7,8.0
True,30.7,7.7,8.0
True,30.7,7.7,8.0
True,30.7,7.7,8.0
False,3.1,6.0,6.3
False,2.4,6.0,6.9
False,8.7,6.0,6.7
False,3.1,5.5,7.4
False,3.1,5.5,7.4
False,3.1,5.5,7.4
False,6.6,6.9,7.3
False,6.6,6.9,7.3
False,6.6,6.9,7.3
False,29.1,8.1,8.2
False,29.1,8.1,8.2
False,29.1,8.1,8.2
True,11.1,7.2,7.5
False,23.6,6.6,6.7
False,6.6,6.9,6.9
False,2.2,6.6,7.4
False,2.2,6.6,7.4
True,2.2,6.6,7.4
False,2.2,6.6,7.4
False,2.2,6.6,7.4
True,12.3,7.3,7.5
False,12.3,7.3,7.5
False,12.3,7.3,7.5
False,1.1,5.5,6.2
False,11.0,6.7,7.3
False,20.7,7.7,7.7
False,20.7,7.7,7.7
False,20.7,7.7,7.7
False,20.7,7.7,7.7
False,7.0,7.4,7.5
False,7.0,7.4,7.5
False,7.0,7.4,7.5
False,9.6,6.1,6.8
True,42.0,7.5,7.9
True,42.0,7.5,7.9
False,6.5,7.3,7.6
False,18.5,7.4,7.5
False,18.5,7.4,7.5
False,18.5,7.4,7.5
False,18.5,7.4,7.5
False,16.7,6.8,6.5
False,21.7,6.3,6.3
False,11.5,7.5,7.7
True,11.5,7.5,7.7
False,20.0,7.8,8.1
False,20.0,7.8,8.1
False,20.0,7.8,8.1
True,20.0,7.8,8.1
True,20.0,7.8,8.1
False,1.2,6.8,6.7
False,8.3,7.0,7.7
False,8.3,7.0,7.7
False,8.3,7.0,7.7
True,23.6,7.6,7.8
False,23.6,7.6,7.8
False,23.6,7.6,7.8
False,23.6,7.6,7.8
False,1.5,5.0,6.1
True,13.4,7.7,7.9
False,13.4,7.7,7.9
False,13.4,7.7,7.9
False,14.7,7.6,7.3
False,25.9,7.9,8.1
False,21.6,7.1,7.3
False,117.2,8.2,8.6
False,117.2,8.2,8.6
False,117.2,8.2,8.6
False,117.2,8.2,8.6
False,5.8,6.9,6.5
False,5.8,6.9,6.5
False,12.9,6.9,7.0
False,7.3,6.4,6.4
False,7.3,6.4,6.4
False,1.7,6.3,6.7
False,21.8,7.2,7.3
False,5.0,6.9,7.4
False,5.0,6.9,7.4
False,11.9,6.8,7.2
False,11.9,6.8,7.2
True,14.9,7.5,7.5
False,36.1,7.8,7.8
False,14.6,7.7,7.9
True,2.6,7.0,7.3
False,2.6,7.0,7.3
False,7.4,5.9,6.4
False,6.3,7.3,7.5
False,6.3,7.3,7.5
False,6.3,7.3,7.5
False,8.3,7.3,7.5
False,8.3,7.3,7.5
False,3.3,5.2,6.6
False,3.8,6.7,7.5
False,3.8,6.7,7.5
False,11.8,6.7,7.2
False,1.3,5.6,6.4
False,1.3,5.6,6.4
False,2.7,6.9,7.1
False,8.6,6.6,7.5
False,8.6,6.6,7.5
False,8.6,6.6,7.5
False,4.3,5.4,5.6
True,11.9,7.8,8.1
True,11.9,7.8,8.1
False,1.1,6.0,6.7
False,24.3,8.3,8.4
False,24.3,8.3,8.4
False,24.3,8.3,8.4
False,24.3,8.3,8.4
False,24.3,8.3,8.4
False,24.3,8.3,8.4
False,24.3,8.3,8.4
True,10.3,7.1,7.3
False,4.4,6.1,6.8
False,28.3,7.2,7.3
False,9.9,6.8,7.2
False,9.9,6.8,7.2
True,9.5,6.8,7.3
False,9.5,6.8,7.3
False,9.5,6.8,7.3
False,5.3,6.6,7.0
False,5.8,5.7,5.9
True,14.7,6.4,6.9
False,14.7,6.4,6.9
True,6.9,7.1,7.4
False,1.0,6.5,6.8
False,16.5,7.6,7.9
True,16.5,7.6,7.9
False,2.3,5.4,6.6
False,26.2,7.1,7.4
False,26.2,7.1,7.4
False,26.2,7.1,7.4
False,26.2,7.1,7.4
False,26.2,7.1,7.4
False,58.7,8.1,8.2
False,58.7,8.1,8.2
False,58.7,8.1,8.2
False,15.7,6.8,7.1
False,15.7,6.8,7.1
False,2.6,5.8,6.1
True,13.3,6.7,7.3
False,13.3,6.7,7.3
False,13.3,6.7,7.3
True,13.3,6.7,7.3
False,16.6,6.1,6.0
False,79.0,8.1,8.6
False,14.8,7.1,7.4
True,14.8,7.1,7.4
True,14.8,7.1,7.4
False,14.8,7.1,7.4
True,14.8,7.1,7.4
True,14.8,7.1,7.4
True,14.8,7.1,7.4
True,13.4,7.1,7.3
False,13.4,7.1,7.3
False,13.4,7.1,7.3
False,5.1,6.5,6.8
False,9.0,6.4,6.9
False,5.8,7.0,7.2
False,9.3,7.4,7.1
False,9.1,6.4,6.6
False,14.3,8.0,8.0
False,7.7,6.5,6.8
False,29.1,7.4,7.5
True,12.7,6.2,6.7
False,12.7,6.2,6.7
False,12.7,6.2,6.7
True,18.6,7.0,7.1
False,17.9,7.5,7.9
False,1.7,4.9,6.0
False,1.7,4.9,6.0
True,15.3,7.4,7.7
False,15.3,7.4,7.7
False,15.3,7.4,7.7
False,17.9,7.0,7.2
False,17.9,7.0,7.2
False,10.0,7.1,7.0
False,15.0,7.1,6.8
False,15.0,7.1,6.8
False,15.0,7.1,6.8
False,5.1,6.7,7.3
False,4.6,7.1,7.5
False,22.9,8.2,8.3
False,22.9,8.2,8.3
False,22.9,8.2,8.3
False,22.9,8.2,8.3
True,22.9,8.2,8.3
True,22.9,8.2,8.3
True,22.9,8.2,8.3
False,8.1,6.3,7.2
False,88.5,6.9,7.1
False,88.5,6.9,7.1
False,3.7,5.8,6.9
True,20.4,7.5,7.8
False,20.4,7.5,7.8
False,20.4,7.5,7.8
True,20.4,7.5,7.8
True,20.4,7.5,7.8
False,20.4,7.5,7.8
False,11.1,7.5,7.8
False,11.1,7.5,7.8
False,11.1,7.5,7.8
False,24.7,7.0,7.5
False,24.7,7.0,7.5
False,27.6,7.2,7.5
False,27.6,7.2,7.5
True,27.6,7.2,7.5
True,27.6,7.2,7.5
False,27.6,7.2,7.5
False,27.6,7.2,7.5
False,27.6,7.2,7.5
False,8.6,7.2,7.7
False,8.6,7.2,7.7
True,8.6,7.2,7.7
False,8.6,7.2,7.7
True,9.5,6.9,7.2
False,1.2,6.6,7.2
False,8.3,7.3,7.8
True,8.3,7.3,7.8
True,8.3,7.3,7.8
False,11.2,7.1,7.5
False,11.2,7.1,7.5
False,11.2,7.1,7.5
False,11.2,7.1,7.5
False,1.6,5.2,6.0
False,38.4,7.1,7.2
False,23.9,7.4,7.7
False,23.9,7.4,7.7
False,23.9,7.4,7.7
False,23.9,7.4,7.7
False,23.9,7.4,7.7
False,23.9,7.4,7.7
False,23.9,7.4,7.7
False,10.1,7.1,7.5
True,9.8,6.8,6.9
False,1.2,7.0,7.1
False,4.0,6.8,7.0
False,2.1,6.0,6.9
False,2.1,6.0,6.9
False,13.8,7.9,8.1
False,13.8,7.9,8.1
False,6.1,6.8,7.2
False,6.1,6.8,7.2
False,6.1,6.8,7.2
False,6.1,6.8,7.2
False,13.4,6.2,6.1
False,3.2,7.3,7.6
True,12.0,7.8,8.1
True,12.0,7.8,8.1
True,12.0,7.8,8.1
True,12.0,7.8,8.1
False,13.6,6.8,7.1
False,13.6,6.8,7.1
False,13.6,6.8,7.1
True,14.3,7.6,7.9
False,1.9,4.6,6.1
False,4.2,6.7,7.1
False,4.2,6.7,7.1
False,1.4,5.8,5.6
False,37.6,7.4,7.8
False,37.6,7.4,7.8
False,37.6,7.4,7.8
True,37.6,7.4,7.8
False,25.2,7.3,7.5
False,6.5,6.5,6.9
False,6.5,6.5,6.9
False,11.8,7.0,7.6
False,11.8,7.0,7.6
False,16.1,5.6,5.6
False,14.6,5.8,6.0
False,13.4,7.0,7.3
True,11.8,6.4,6.7
True,50.9,7.7,7.6
False,50.9,7.7,7.6
False,5.4,5.7,6.2
False,8.5,6.6,7.1
False,36.2,6.2,5.8
False,1.4,6.6,7.2
False,1.4,6.6,7.2
False,1.1,5.6,6.5
False,1.1,5.6,6.5
False,4.8,5.5,6.2
False,12.5,6.7,6.8
True,22.9,7.8,8.1
False,22.9,7.8,8.1
True,22.9,7.8,8.1
True,22.9,7.8,8.1
True,22.9,7.8,8.1
False,24.8,7.7,7.6
False,7.6,5.2,5.6
False,7.6,5.2,5.6
True,7.6,5.2,5.6
False,8.5,6.6,6.8
False,191.4,5.6,8.1
False,191.4,5.6,8.1
False,191.4,5.6,8.1
False,191.4,5.6,8.1
False,191.4,5.6,8.1
False,191.4,5.6,8.1
False,191.4,5.6,8.1
False,3.0,6.4,6.6
False,8.4,7.2,7.2
False,12.9,7.1,7.7
False,12.9,7.1,7.7
False,12.9,7.1,7.7
False,6.1,6.5,6.7
False,6.1,6.5,6.7
False,6.1,6.5,6.7
False,2.0,6.2,6.3
False,5.8,7.0,7.4
True,4.9,7.1,7.3
False,4.9,7.1,7.3
False,4.9,7.1,7.3
False,13.0,7.7,7.7
False,13.0,7.7,7.7
False,13.2,7.2,7.4
False,13.2,7.2,7.4
False,13.2,7.2,7.4
False,1.1,6.6,6.0
True,18.0,7.1,7.4
False,18.0,7.1,7.4
False,18.0,7.1,7.4
True,18.0,7.1,7.4
False,6.1,6.3,7.1
False,6.1,6.3,7.1
False,6.1,6.3,7.1
False,27.2,6.7,6.7
False,9.8,7.3,7.5
False,9.8,7.3,7.5
True,23.9,6.8,7.0
False,23.9,6.8,7.0
False,23.9,6.8,7.0
False,20.5,7.8,7.7
False,20.5,7.8,7.7
False,20.5,7.8,7.7
False,20.5,7.8,7.7
False,20.5,7.8,7.7
False,20.5,7.8,7.7
False,24.7,7.1,6.8
True,17.2,7.0,7.3
False,17.2,7.0,7.3
False,3.8,5.8,6.7
False,9.7,6.6,6.9
False,9.7,6.6,6.9
False,19.5,7.5,7.8
False,19.5,7.5,7.8
False,9.6,6.7,6.9
False,2.0,7.1,7.3
False,2.0,7.1,7.3
False,7.2,6.9,7.2
True,7.2,6.9,7.2
False,7.2,6.9,7.2
False,7.2,6.9,7.2
False,7.2,6.9,7.2
False,8.5,7.6,8.1
False,13.8,6.6,6.8
False,13.8,6.6,6.8
False,3.8,6.2,6.5
False,13.0,6.8,7.2
False,13.0,6.8,7.2
False,13.0,6.8,7.2
False,13.0,6.8,7.2
True,13.0,6.8,7.2
False,57.8,7.6,7.8
False,57.8,7.6,7.8
False,57.8,7.6,7.8
False,57.8,7.6,7.8
False,57.8,7.6,7.8
False,57.8,7.6,7.8
False,22.3,7.6,7.1
True,22.3,7.6,7.1
False,4.0,6.2,6.6
False,1.8,6.7,7.3
True,146.9,8.5,9.0
False,146.9,8.5,9.0
False,11.0,6.3,7.0
False,11.0,6.3,7.0
False,8.4,6.9,7.2
False,29.0,8.0,8.1
True,29.0,8.0,8.1
False,29.0,8.0,8.1
False,29.0,8.0,8.1
True,29.0,8.0,8.1
True,29.0,8.0,8.1
False,29.0,8.0,8.1
False,9.8,7.2,7.6
False,9.8,7.2,7.6
False,9.8,7.2,7.6
False,9.8,7.2,7.6
True,9.8,7.2,7.6
False,9.8,7.2,7.6
False,9.8,7.2,7.6
True,9.8,7.2,7.6
False,69.6,8.2,8.5
True,69.6,8.2,8.5
True,69.6,8.2,8.5
True,69.6,8.2,8.5
False,17.4,6.8,7.3
False,17.4,6.8,7.3
False,17.4,6.8,7.3
True,17.4,6.8,7.3
False,5.6,7.7,7.6
False,5.6,7.7,7.6
False,0.9,5.0,6.2
False,69.5,7.4,6.9
False,1.5,6.4,6.0
False,20.5,7.2,7.4
True,20.5,7.2,7.4
True,20.5,7.2,7.4
False,20.5,7.2,7.4
False,20.5,7.2,7.4
False,24.4,7.6,7.7
False,16.3,7.1,7.3
False,1.9,5.3,6.2
False,1.9,5.3,6.2
True,1.9,5.3,6.2
False,12.0,7.6,8.0
False,12.0,7.6,8.0
False,12.0,7.6,8.0
True,3.9,6.3,6.7
False,3.9,6.3,6.7
False,3.9,6.3,6.7
False,6.1,6.7,7.5
False,6.1,6.7,7.5
False,6.1,6.7,7.5
False,6.1,6.7,7.5
False,6.1,6.7,7.5
False,6.0,6.2,6.9
False,5.4,7.0,6.9
False,11.7,6.4,6.5
False,8.4,7.5,7.5
False,8.4,7.5,7.5
False,8.4,7.5,7.5
False,11.6,6.6,7.0
False,11.6,6.6,7.0
False,21.6,7.2,7.4
False,21.6,7.2,7.4
True,21.6,7.2,7.4
True,21.6,7.2,7.4
True,21.6,7.2,7.4
True,21.6,7.2,7.4
False,21.6,7.2,7.4
False,3.1,6.1,7.0
False,69.7,7.7,8.1
False,69.7,7.7,8.1
False,69.7,7.7,8.1
False,69.7,7.7,8.1
False,69.7,7.7,8.1
False,69.7,7.7,8.1
True,11.9,6.5,6.6
False,30.9,7.6,7.5
False,30.9,7.6,7.5
False,30.9,7.6,7.5
False,30.9,7.6,7.5
False,30.9,7.6,7.5
False,9.7,6.6,6.9
False,9.7,6.6,6.9
False,2.6,5.2,6.5
False,2.6,5.2,6.5
False,9.3,7.2,7.6
False,9.0,6.9,7.2
True,9.0,6.9,7.2
True,32.0,8.1,8.2
False,32.0,8.1,8.2
False,32.0,8.1,8.2
True,32.0,8.1,8.2
True,24.3,7.5,7.5
False,24.3,7.5,7.5
False,24.3,7.5,7.5
False,24.3,7.5,7.5
False,24.3,7.5,7.5
False,24.3,7.5,7.5
False,24.3,7.5,7.5
False,7.0,7.0,7.3
True,25.3,7.4,7.8
False,25.3,7.4,7.8
True,25.3,7.4,7.8
False,25.3,7.4,7.8
False,25.3,7.4,7.8
False,25.3,7.4,7.8
False,21.3,6.7,6.9
False,13.8,7.3,7.5
True,13.8,7.3,7.5
False,13.8,7.3,7.5
False,5.4,6.7,6.9
False,4.2,5.8,6.8
False,8.9,6.3,6.8
False,12.8,7.2,7.5
False,22.1,7.4,7.6
False,3.2,5.5,5.6
True,10.2,7.2,7.2
False,10.2,7.2,7.2
False,10.2,7.2,7.2
False,5.0,7.5,7.8
False,1.2,6.5,6.5
True,20.2,7.5,7.7
False,20.2,7.5,7.7
False,20.2,7.5,7.7
True,20.2,7.5,7.7
True,20.2,7.5,7.7
False,10.5,6.4,6.9
False,10.5,6.4,6.9
False,3.5,5.9,6.5
False,7.5,7.0,7.3
False,9.4,6.6,6.7
False,9.4,6.6,6.7
False,9.4,6.6,6.7
True,31.4,7.5,7.8
False,31.4,7.5,7.8
False,31.4,7.5,7.8
False,16.5,7.0,7.2
False,16.5,7.0,7.2
False,16.5,7.0,7.2
False,4.0,7.1,7.3
False,7.2,6.8,7.4
False,2.3,6.2,6.5
False,2.3,6.2,6.5
False,8.6,7.5,7.8
False,40.3,7.4,7.8
False,40.3,7.4,7.8
False,6.3,6.8,7.3
False,1.5,5.9,7.0
True,176.2,8.7,9.2
False,176.2,8.7,9.2
False,176.2,8.7,9.2
False,176.2,8.7,9.2
False,176.2,8.7,9.2
True,176.2,8.7,9.2
False,112.6,8.6,9.0
True,112.6,8.6,9.0
False,112.6,8.6,9.0
False,112.6,8.6,9.0
False,112.6,8.6,9.0
True,112.6,8.6,9.0
True,112.6,8.6,9.0
True,112.6,8.6,9.0
False,73.6,7.4,7.6
False,73.6,7.4,7.6
False,73.6,7.4,7.6
False,73.6,7.4,7.6
True,7.1,6.3,7.5
True,7.1,6.3,7.5
False,7.1,6.3,7.5
False,7.1,6.3,7.5
True,12.4,6.9,7.4
False,12.4,6.9,7.4
False,12.4,6.9,7.4
False,12.4,6.9,7.4
False,12.4,6.9,7.4
False,4.4,5.2,5.6
False,4.4,5.2,5.6
False,27.5,7.6,8.0
False,27.5,7.6,8.0
False,27.5,7.6,8.0
False,27.5,7.6,8.0
True,27.5,7.6,8.0
False,27.5,7.6,8.0
False,46.9,8.0,8.1
False,46.9,8.0,8.1
False,46.9,8.0,8.1
False,46.9,8.0,8.1
False,17.6,6.6,6.6
False,14.8,7.8,8.1
True,14.8,7.8,8.1
True,14.8,7.8,8.1
False,14.8,7.8,8.1
False,25.3,8.3,8.4
False,25.3,8.3,8.4
False,25.3,8.3,8.4
False,25.3,8.3,8.4
True,5.1,6.9,7.0
True,3.9,6.9,7.2
False,11.4,7.1,7.2
False,0.7,5.0,5.6
False,2.1,5.6,6.5
True,2.1,5.6,6.5
False,2.5,6.1,6.9
False,2.5,6.1,6.9
True,11.8,6.2,6.6
False,11.8,6.2,6.6
True,11.8,6.2,6.6
False,11.7,6.3,6.5
True,11.7,6.3,6.5
False,20.6,6.4,6.6
False,1.3,4.5,5.4
False,99.8,8.5,8.6
False,99.8,8.5,8.6
False,99.8,8.5,8.6
False,2.0,6.5,7.0
False,2.0,6.5,7.0
False,14.3,6.5,6.9
False,14.3,6.5,6.9
False,14.3,6.5,6.9
False,14.3,6.5,6.9
False,2.0,5.3,6.4
False,2.0,5.3,6.4
False,21.9,7.3,7.5
False,21.9,7.3,7.5
False,6.8,6.0,6.3
False,9.4,7.1,7.5
False,1.8,6.7,7.3
False,58.1,7.8,7.8
False,58.1,7.8,7.8
False,4.0,7.6,7.5
False,4.0,7.6,7.5
False,6.8,6.6,7.0
False,6.8,6.6,7.0
False,9.0,7.7,8.1
True,9.0,7.7,8.1
False,9.0,7.7,8.1
False,9.0,7.7,8.1
False,9.0,7.7,8.1
False,57.8,8.2,8.1
False,57.8,8.2,8.1
True,57.8,8.2,8.1
False,57.8,8.2,8.1
False,8.7,5.9,6.6
False,8.7,5.9,6.6
False,8.7,5.9,6.6
False,8.8,6.3,6.2
False,38.4,7.7,7.9
True,38.4,7.7,7.9
False,38.4,7.7,7.9
False,38.4,7.7,7.9
False,9.1,6.6,7.2
False,15.1,7.3,7.5
True,15.1,7.3,7.5
False,15.1,7.3,7.5
False,15.1,7.3,7.5
False,15.1,7.3,7.5
False,15.1,7.3,7.5
False,3.8,6.2,6.5
False,3.7,6.3,7.0
False,3.7,6.3,7.0
False,3.7,6.3,7.0
False,6.3,6.6,7.1
False,17.9,7.4,7.6
False,29.0,7.3,7.5
False,29.0,7.3,7.5
True,29.0,7.3,7.5
True,29.0,7.3,7.5
True,29.0,7.3,7.5
False,13.2,7.7,8.0
False,13.2,7.7,8.0
False,13.2,7.7,8.0
False,13.2,7.7,8.0
True,13.2,7.7,8.0
False,13.2,7.7,8.0
False,13.2,7.7,8.0
False,17.7,6.7,7.1
False,22.0,7.3,7.5
False,81.4,8.0,8.0
False,81.4,8.0,8.0
False,81.4,8.0,8.0
False,81.4,8.0,8.0
True,81.4,8.0,8.0
False,39.7,7.4,7.5
False,81.1,7.7,8.0
True,7.3,6.7,7.4
True,7.3,6.7,7.4
False,7.3,6.7,7.4
False,6.8,6.7,7.3
False,19.9,7.4,7.8
False,19.9,7.4,7.8
False,19.9,7.4,7.8
False,19.9,7.4,7.8
False,19.9,7.4,7.8
False,41.9,7.6,7.8
False,41.9,7.6,7.8
False,41.9,7.6,7.8
False,41.9,7.6,7.8
False,41.9,7.6,7.8
False,41.9,7.6,7.8
True,15.6,6.4,6.4
False,2.3,6.7,7.2
False,2.3,6.7,7.2
False,2.3,6.7,7.2
False,55.0,7.3,7.4
False,48.0,7.2,7.3
False,8.8,7.0,7.2
False,8.8,7.0,7.2
False,11.5,6.6,7.0
False,11.5,6.6,7.0
False,11.5,6.6,7.0
False,11.5,6.6,7.0
False,13.2,7.3,7.7
False,19.8,7.5,7.8
True,19.8,7.5,7.8
True,19.8,7.5,7.8
False,19.8,7.5,7.8
False,19.8,7.5,7.8
False,19.8,7.5,7.8
True,13.0,7.0,7.3
False,13.0,7.0,7.3
False,13.0,7.0,7.3
False,13.0,7.0,7.3
False,13.0,7.0,7.3
True,32.7,7.7,8.0
False,32.7,7.7,8.0
False,32.7,7.7,8.0
False,32.7,7.7,8.0
True,32.7,7.7,8.0
True,32.7,7.7,8.0
True,32.7,7.7,8.0
False,4.4,6.7,7.4
False,9.1,7.3,7.7
False,5.4,5.8,7.0
False,1.5,6.9,7.0
True,6.0,7.3,7.9
False,14.8,7.0,7.5
False,14.8,7.0,7.5
True,23.1,7.6,7.7
True,23.1,7.6,7.7
True,23.1,7.6,7.7
True,23.1,7.6,7.7
True,19.9,7.4,7.6
False,15.6,7.7,8.0
True,15.6,7.7,8.0
False,15.6,7.7,8.0
True,15.6,7.7,8.0
False,15.6,7.7,8.0
False,15.6,7.7,8.0
False,15.6,7.7,8.0
False,53.2,7.6,7.8
False,8.9,6.3,6.9
False,8.9,6.3,6.9
False,20.6,7.2,7.5
False,3.5,6.2,7.0
False,7.5,7.2,7.5
False,1.1,5.6,6.7
False,13.9,7.3,7.5
False,13.9,7.3,7.5
False,13.9,7.3,7.5
False,13.9,7.3,7.5
False,13.9,7.3,7.5
False,13.2,6.7,7.1
True,13.2,6.7,7.1
False,13.2,6.7,7.1
True,13.2,6.7,7.1
False,45.1,7.5,7.4
False,10.6,7.4,7.9
True,10.6,7.4,7.9
False,10.6,7.4,7.9
False,10.6,7.4,7.9
False,7.9,7.5,7.9
False,7.9,7.5,7.9
False,7.9,7.5,7.9
False,7.9,7.5,7.9
False,4.7,6.6,7.0
False,4.7,6.6,7.0
False,30.9,7.0,7.1
False,6.3,6.6,6.9
False,6.3,6.6,6.9
True,22.4,7.6,7.7
False,22.4,7.6,7.7
False,167.6,8.4,8.9
True,167.6,8.4,8.9
False,167.6,8.4,8.9
False,167.6,8.4,8.9
False,167.6,8.4,8.9
True,167.1,8.5,9.0
True,167.1,8.5,9.0
True,167.1,8.5,9.0
False,124.2,8.4,8.8
False,12.9,6.5,6.7
False,12.9,6.5,6.7
False,12.9,6.5,6.7
True,12.2,7.6,7.9
False,12.2,7.6,7.9
True,12.2,7.6,7.9
True,12.2,7.6,7.9
False,3.0,6.7,7.0
False,3.0,6.7,7.0
False,3.0,6.7,7.0
False,3.0,6.7,7.0
False,51.1,7.1,6.6
False,22.3,7.0,6.8
False,2.3,6.9,6.1
False,4.1,5.6,6.6
False,11.8,6.8,7.2
False,11.8,6.8,7.2
False,11.8,6.8,7.2
False,2.2,4.5,4.6
False,9.6,7.3,7.6
False,9.6,7.3,7.6
False,0.8,5.4,6.8
False,23.2,7.7,7.9
False,7.8,6.0,7.0
False,11.0,7.5,7.5
False,15.1,7.5,7.8
False,13.5,7.1,7.3
False,19.0,7.5,7.9
False,2.1,6.2,7.4
False,63.5,7.7,8.0
False,63.5,7.7,8.0
False,63.5,7.7,8.0
False,21.3,7.1,7.1
False,21.3,7.1,7.1
False,21.3,7.1,7.1
False,2.9,6.5,7.4
False,4.0,6.2,6.8
False,10.6,6.7,7.1
False,10.6,6.7,7.1
False,2.7,6.6,6.4
False,5.4,6.8,7.5
True,14.5,7.8,8.1
True,14.5,7.8,8.1
False,14.5,7.8,8.1
False,15.9,6.7,6.6
True,18.4,7.4,7.4
False,18.4,7.4,7.4
False,18.4,7.4,7.4
False,2.8,6.4,6.7
True,9.0,6.8,7.6
False,9.0,6.8,7.6
False,9.0,6.8,7.6
False,8.7,5.9,5.9
False,14.0,7.4,7.7
True,6.0,7.2,7.5
False,9.8,6.6,7.3
False,13.3,6.9,7.4
False,13.3,6.9,7.4
False,16.0,6.5,6.7
False,10.8,7.2,7.6
False,10.8,7.2,7.6
False,0.9,7.0,7.0
False,4.4,6.1,5.9
False,4.4,6.1,5.9
False,13.6,7.1,7.6
False,13.6,7.1,7.6
False,13.6,7.1,7.6
False,13.6,7.1,7.6
False,9.2,7.5,7.7
False,9.1,6.5,6.9
False,9.1,6.5,6.9
False,5.8,7.5,8.0
True,8.0,6.8,7.2
False,7.3,6.2,6.5
False,64.3,7.5,7.2
False,1.6,6.2,6.1
False,1.9,5.0,7.542690875
False,1.9,5.0,7.542690875
False,1.9,5.0,7.542690875
False,31.9,7.2,7.2
False,6.9,7.2,7.6
False,11.8,7.0,7.3
False,11.8,7.0,7.3
False,27.3,7.2,7.2
True,17.7,7.6,7.8
False,17.7,7.6,7.8
False,17.7,7.6,7.8
False,17.7,7.6,7.8
False,17.7,7.6,7.8
True,64.8,8.4,8.5
False,64.8,8.4,8.5
True,64.8,8.4,8.5
False,64.8,8.4,8.5
True,64.8,8.4,8.5
True,19.6,7.4,7.5
True,19.6,7.4,7.5
False,19.6,7.4,7.5
False,19.6,7.4,7.5
False,19.6,7.4,7.5
True,19.6,7.4,7.5
False,11.7,7.1,7.5
True,11.7,7.1,7.5
False,1.6,6.8,7.0
False,1.6,6.8,7.0
False,15.5,7.2,7.5
False,15.5,7.2,7.5
False,10.1,6.3,6.6
False,13.1,6.0,6.2
False,22.6,7.1,7.6
False,22.6,7.1,7.6
False,24.2,7.0,7.2
False,24.2,7.0,7.2
False,11.3,7.9,7.8
False,11.3,7.9,7.8
False,11.3,7.9,7.8
False,11.3,7.9,7.8
False,25.6,6.8,6.8
False,25.6,6.8,6.8
False,25.6,6.8,6.8
False,25.6,6.8,6.8
False,25.6,6.8,6.8
True,25.6,6.8,6.8
False,25.6,6.8,6.8
False,25.6,6.8,6.8
False,68.6,8.2,8.5
False,8.0,7.4,7.6
False,8.0,7.4,7.6
False,8.0,7.4,7.6
True,7.7,6.8,7.7
False,16.8,6.6,6.8
False,16.8,6.6,6.8
False,16.8,6.6,6.8
False,16.8,6.6,6.8
False,16.8,6.6,6.8
True,6.6,6.3,7.0
False,6.6,6.3,7.0
False,11.5,6.2,7.0
False,13.3,7.1,7.1
True,13.3,7.1,7.1
False,13.8,7.1,7.6
False,13.8,7.1,7.6
False,3.9,6.7,7.6
False,13.5,7.4,7.7
False,73.1,7.9,8.0
True,12.7,6.9,7.3
False,12.7,6.9,7.3
False,12.7,6.9,7.3
False,12.7,6.9,7.3
False,10.1,6.5,7.0
False,15.6,7.3,7.7
True,15.6,7.3,7.7
True,15.6,7.3,7.7
False,15.6,7.3,7.7
False,3.5,6.6,6.6
False,6.0,6.7,7.3
False,2.9,5.9,6.8
False,9.4,6.8,7.3
True,9.4,6.8,7.3
False,9.4,6.8,7.3
True,41.7,7.5,7.6
False,41.7,7.5,7.6
False,41.7,7.5,7.6
False,41.7,7.5,7.6
False,41.7,7.5,7.6
True,11.5,7.7,7.3
False,12.4,8.0,8.1
False,6.4,6.4,7.2
False,20.3,7.4,7.8
False,20.3,7.4,7.8
False,20.3,7.4,7.8
False,20.3,7.4,7.8
False,20.3,7.4,7.8
True,74.1,7.5,8.0
False,74.1,7.5,8.0
True,74.1,7.5,8.0
True,74.1,7.5,8.0
False,74.1,7.5,8.0
False,14.0,7.4,7.8
False,14.0,7.4,7.8
False,14.0,7.4,7.8
False,0.8,5.5,5.8
False,9.0,6.3,6.3
False,9.0,6.3,6.3
False,13.0,6.8,6.7
False,13.0,6.8,6.7
False,13.0,6.8,6.7
False,2.5,5.5,5.5
False,5.6,6.7,7.0
False,7.8,6.7,8.2
False,7.8,6.7,6.7
False,1.4,5.7,6.1
False,21.0,7.5,7.6
False,10.7,6.4,6.5
False,9.0,6.4,6.9
False,9.0,6.4,6.9
False,14.3,7.2,7.4
False,14.3,7.2,7.0
False,14.3,7.2,7.0
False,14.3,7.2,7.6
False,11.0,6.8,7.1
False,11.0,6.8,7.1
False,8.9,6.9,7.8
False,8.9,6.9,7.8
False,12.6,6.9,7.2
False,5.0,6.7,7.4
True,3.4,6.4,6.7
False,37.1,7.2,7.3
False,37.1,7.2,7.3
False,37.1,7.2,7.3
False,37.1,7.2,7.3
True,37.1,7.2,7.3
True,37.1,7.2,7.3
False,37.1,7.2,7.3
False,177.9,8.7,9.3
False,177.9,8.7,9.3
False,177.9,8.7,9.3
False,177.9,8.7,9.3
False,8.5,6.7,7.6
False,8.4,7.2,7.6
False,5.1,6.2,6.8
True,19.0,8.3,8.6
True,19.0,8.3,8.6
True,19.0,8.3,8.6
True,19.0,8.3,8.6
True,19.0,8.3,8.6
False,5.2,4.5,4.6
True,3.0,5.9,6.6
False,56.7,8.0,8.2
False,56.7,8.0,8.2
False,56.7,8.0,8.2
False,56.7,8.0,8.2
False,56.7,8.0,8.2
False,6.1,6.9,7.2
False,8.8,7.1,7.6
False,8.8,7.1,7.6
False,8.8,7.1,7.6
False,9.2,5.9,6.1
False,63.2,7.4,7.8
False,63.2,7.4,7.8
False,63.2,7.4,7.8
False,63.2,7.4,7.8
True,63.2,7.4,7.8
False,9.2,7.0,7.6
True,9.2,7.0,7.6
False,9.2,7.0,7.6
False,9.2,7.0,7.6
True,9.2,7.0,7.6
False,9.2,7.0,7.6
False,38.4,7.7,8.1
False,38.4,7.7,8.1
False,38.4,7.7,8.1
True,38.4,7.7,8.1
True,38.4,7.7,8.1
False,4.4,6.6,7.1
False,7.1,6.2,6.3
False,8.5,7.0,7.3
False,9.4,7.1,8.1
False,12.0,6.9,7.3
False,3.1,7.2,7.0
False,3.7,5.4,7.6
False,19.9,8.0,6.7
False,19.9,8.0,8.3
True,19.9,8.0,8.3
True,19.9,8.0,8.3
False,11.8,6.8,8.3
True,4.7,6.8,7.3
False,4.7,6.8,7.3
False,19.4,7.7,8.0
True,1.4,6.2,7.3
False,1.4,6.2,7.0
False,1079.0,7.1,7.3
False,1079.0,7.1,7.3
False,1079.0,7.1,7.3
False,1079.0,7.1,7.3
False,5.2,6.7,7.0
False,5.2,6.7,7.1
False,5.2,6.7,7.1
False,5.2,6.7,7.1
False,8.8,6.8,7.1
True,8.8,6.8,7.1
False,8.8,6.8,7.1
False,8.7,6.9,7.4
False,8.7,6.9,7.4
False,26.8,7.2,7.4
False,26.8,7.2,7.4
False,9.8,7.3,7.5
False,41.3,7.8,7.1
False,41.3,7.8,7.9
True,26.0,7.8,7.7
False,26.0,7.8,7.7
False,26.0,7.8,7.7
False,26.0,7.8,7.7
True,13.4,7.1,7.4
False,9.3,7.5,7.9
False,9.3,7.5,7.9
False,9.3,7.5,7.9
False,32.8,7.5,7.6
False,32.8,7.5,7.6
False,32.8,7.5,7.6
False,32.8,7.5,7.6
True,19.1,7.9,8.1
False,19.1,7.9,8.1
True,11.1,7.2,7.9
False,11.8,6.8,7.1
False,11.3,7.0,7.2
False,23.7,7.0,7.3
True,23.7,7.0,7.0
False,23.7,7.0,7.0
False,62.0,7.2,7.5
False,25.6,6.9,7.1
False,25.6,6.9,7.1
False,12.2,7.5,7.0
True,13.1,8.0,8.2
True,13.1,8.0,8.2
False,13.1,8.0,8.2
False,24.8,6.7,6.8
False,24.8,6.7,6.8
False,24.8,6.7,6.8
False,1.9,6.7,6.5
False,24.4,7.7,7.7
False,24.4,7.7,7.7
False,24.4,7.7,7.7
False,24.4,7.7,7.7
True,4.9,7.3,7.4
False,4.9,7.3,7.4
False,70.7,8.1,8.2
False,70.7,8.1,8.2
False,70.7,8.1,8.2
False,6.5,6.6,7.8
False,6.5,6.6,6.9
False,6.5,6.6,6.9
False,6.5,6.6,6.9
False,6.5,6.6,6.9
False,6.5,6.6,6.9
False,6.5,6.6,6.9
False,6.5,6.6,6.9
False,15.7,7.5,7.6
False,15.7,7.5,7.6
False,15.7,7.5,7.6
False,19.6,7.4,6.9
False,13.3,6.9,7.3
False,13.3,6.9,7.3
False,7.3,6.9,7.2
False,15.9,6.6,6.3
False,4.5,5.6,7.8
False,4.5,5.6,6.8
True,29.6,7.8,7.8
True,62.3,8.2,8.5
True,62.3,8.2,8.5
True,4.9,6.2,6.8
False,1.7,5.9,5.9
False,3.0,7.3,7.3
False,19.2,7.5,7.7
False,19.2,7.5,7.7
False,19.2,7.5,7.7
False,19.2,7.5,7.7
False,19.2,7.5,7.7
False,9.9,7.1,7.6
False,1.3,4.8,6.7
True,1.4,6.9,6.8
False,12.3,6.9,6.3
False,12.3,6.9,7.1
True,6.9,7.0,7.3
True,45.4,7.8,7.6
False,45.4,7.8,7.6
False,4.9,7.0,7.1
False,3.0,6.4,7.1
False,4.7,6.7,7.0
False,2.2,6.0,6.9
False,20.0,7.5,7.8
False,18.5,7.0,7.1
False,11.7,7.1,7.2
False,11.7,6.6,7.1
False,11.7,6.6,7.1
False,11.7,6.6,7.1
False,11.9,6.0,7.1
False,77.9,7.6,8.1
False,77.9,7.6,8.1
False,122.5,8.0,8.2
False,122.5,8.0,8.2
False,122.5,8.0,8.2
False,122.5,8.0,8.2
False,122.5,8.0,8.2
False,4.0,5.8,5.5
False,9.3,6.7,7.1
False,9.3,6.7,7.1
False,23.9,7.5,7.7
False,13.0,7.5,7.9
False,13.0,7.5,7.9
True,11.6,6.7,7.1
False,7.1,6.5,7.2
False,7.1,6.5,7.2
True,7.1,6.5,7.2
False,7.1,6.5,7.2
False,7.1,6.5,7.2
False,2.3,6.6,7.3
False,9.0,6.8,6.4
False,4.4,7.5,7.2
False,4.4,7.5,7.4
False,84.3,7.0,7.3
False,84.3,7.0,7.3
False,84.3,7.0,7.3
False,2.4,4.8,5.8
False,34.6,7.6,7.6
False,34.6,7.6,7.6
False,34.6,7.6,7.6
False,34.6,7.6,7.6
True,34.6,7.6,7.6
False,2.8,6.6,7.1
True,40.1,8.1,8.2
True,40.1,8.1,8.2
False,40.1,8.1,8.2
False,40.1,8.1,8.2
False,40.1,8.1,8.2
False,3.2,7.2,7.4
False,1.6,5.6,6.0
True,14.3,7.6,7.4
False,14.3,7.6,7.8
False,14.3,7.6,7.8
False,14.3,7.6,7.8
False,26.2,6.6,6.8
False,10.7,6.6,7.2
False,2.5,6.6,6.6
False,7.2,7.0,7.8
False,7.2,7.0,7.6
False,7.1,6.9,7.6
False,10.4,6.8,6.9
False,3.2,6.4,6.2
False,27.3,8.1,8.1
True,27.3,8.1,8.1
True,27.3,8.1,8.1
False,27.3,8.1,8.1
False,27.3,8.1,8.1
True,4.4,5.9,6.2
False,4.4,5.9,6.2
False,4.2,7.2,7.1
False,3.7,6.4,6.6
False,10.4,7.8,7.0
False,12.9,6.2,6.3
False,3.2,5.8,6.5
False,13.5,6.7,8.0
False,18.3,7.6,7.5
False,23.6,6.6,7.0
False,23.6,6.6,7.0
False,165.4,7.9,7.9
False,165.4,7.9,7.9
True,165.4,7.9,7.9
True,165.4,7.9,7.9
True,165.4,7.9,7.9
False,7.8,6.7,6.8
True,20.5,7.3,7.4
True,4.2,6.8,7.6
True,29.4,8.0,8.3
False,29.4,8.0,8.3
False,29.4,8.0,8.3
False,29.4,8.0,8.3
False,29.4,8.0,8.3
False,7.4,7.0,7.1
False,2.1,5.1,6.0
False,4.7,6.2,6.2
False,4.7,6.2,6.2
False,10.2,5.9,6.5
False,10.2,5.9,6.5
False,10.2,5.9,6.5
False,10.2,5.9,6.5
False,10.2,5.9,6.5
True,10.2,5.9,6.5
True,10.2,5.9,6.5
False,2.2,5.5,6.4
False,12.2,6.5,6.6
False,19.3,7.2,7.4
False,19.3,7.2,7.4
True,19.3,7.2,7.4
False,19.3,7.2,7.4
False,19.3,7.2,7.4
False,19.3,7.2,7.4
False,19.3,7.2,7.4
False,183.2,8.2,8.2
False,183.2,8.2,8.2
False,10.0,7.3,7.7
True,8.0,6.5,7.0
False,9.4,6.7,7.2
False,7.3,6.6,7.3
False,12.8,7.2,7.5
False,3.2,6.0,5.6
False,4.1,5.4,6.2
False,136.7,8.0,8.3
False,94.1,7.8,8.3
False,94.1,7.8,8.3
False,1.2,5.3,6.1
True,18.6,7.1,7.6
True,18.6,7.1,7.6
False,18.6,7.1,7.6
True,18.6,7.1,7.6
True,38.9,7.5,7.8
False,38.9,7.5,7.8
False,33.6,8.0,8.1
False,10.5,7.0,7.4
False,3.4,5.9,6.3
False,3.4,5.9,6.3
False,2.0,6.7,6.8
False,29.2,7.1,7.3
False,29.2,7.1,7.3
False,29.2,7.1,7.3
False,2.0,5.6,6.4
False,45.7,6.7,7.1
True,16.3,7.4,7.4
False,23.3,7.3,7.6
False,23.3,7.3,7.6
False,23.3,7.3,7.6
False,23.3,7.3,7.6
False,23.3,7.3,7.6
False,23.3,7.3,7.6
False,11.7,7.2,7.4
False,14.4,6.7,6.9
False,3.2,6.5,6.7
False,9.7,7.1,7.7
True,9.7,7.1,7.7
False,9.7,7.1,7.7
False,3.1,5.6,6.4
False,1.0,6.7,6.6
True,2.1,6.0,6.7
False,8.3,6.9,7.3
False,11.0,7.0,7.5
False,3.7,6.5,6.7
False,2.4,5.7,6.6
True,9.5,7.8,7.8
False,4.5,6.5,7.0
False,26.6,7.4,7.2
False,8.0,6.5,6.8
False,56.3,6.7,6.7
False,33.4,7.9,8.2
True,33.4,7.9,8.2
False,33.4,7.9,8.2
True,33.4,7.9,8.2
True,33.4,7.9,8.2
False,33.4,7.9,8.2
False,20.2,7.1,7.6
False,93.3,8.0,8.3
False,93.3,8.0,8.3
False,20.4,6.9,7.4
False,20.4,6.9,7.4
False,20.4,6.9,7.4
False,20.4,6.9,7.4
False,20.4,6.9,7.4
False,20.4,6.9,7.4
False,0.8,6.3,6.3
False,5.6,6.6,7.1
False,9.7,7.2,7.6
False,9.7,7.2,7.6
False,9.7,7.2,7.6
False,13.6,7.0,7.2
False,13.6,7.0,7.2
False,13.6,7.0,7.2
False,13.6,7.0,7.2
False,13.6,7.0,7.2
False,13.6,7.0,7.2
True,18.9,6.8,7.1
False,6.9,7.3,7.6
False,6.9,7.3,7.6
False,6.9,7.3,7.6
False,6.9,7.3,7.6
False,11.4,7.6,8.0
False,1.2,6.3,6.3
False,10.5,6.9,7.3
True,10.5,6.9,7.3
False,5.4,6.8,7.1
False,12.7,7.5,7.6
False,6.7,5.9,6.5
False,16.9,7.0,7.1
False,16.9,7.0,7.1
False,14.4,7.3,7.8
False,4.1,5.6,6.7
False,4.1,5.6,6.7
False,4.1,5.6,6.7
False,35.4,7.5,7.8
True,35.4,7.5,7.8
True,20.6,7.2,7.3
False,84.4,8.1,8.4
False,16.1,6.7,6.7
False,16.1,6.7,6.7
False,23.6,7.3,7.2
False,23.6,7.3,7.2
False,24.8,7.1,7.1
False,24.8,7.1,7.1
False,59.8,7.8,8.1
True,3.9,6.8,7.1
False,3.9,6.8,7.1
False,12.6,7.5,7.7
False,1.5,5.5,6.1
True,18.9,7.3,7.6
True,18.9,7.3,7.6
True,18.9,7.3,7.6
True,18.9,7.3,7.6
True,18.9,7.3,7.6
True,18.0,7.0,7.1
False,18.0,7.0,7.1
False,18.0,7.0,7.1
False,18.0,7.0,7.1
False,11.8,7.1,7.5
False,17.4,7.9,8.0
False,17.4,7.9,8.0
False,17.4,7.9,8.0
False,0.9,2.0,5.6
False,21.1,7.7,7.7
False,10.6,7.1,7.3
False,10.6,7.1,7.3
False,34.3,7.4,7.7
False,0.8,4.8,5.8
False,7.5,6.3,6.6
True,91.9,8.4,8.5
False,91.9,8.4,8.5
False,91.9,8.4,8.5
False,1.6,5.8,7.1
True,2.0,6.6,6.8
False,38.1,7.5,7.7
False,3.2,4.7,5.6
False,18.3,7.7,8.0
False,18.3,7.7,8.0
True,18.3,7.7,8.0
True,18.3,7.7,8.0
True,18.3,7.7,8.0
False,18.3,7.7,8.0
False,18.3,7.7,8.0
False,675.2,6.9,8.0
False,675.2,6.9,8.0
False,675.2,6.9,8.0
False,14.6,7.0,7.1
False,14.6,7.0,7.1
False,24.2,7.0,7.2
False,3.0,6.8,6.8
False,3.0,6.8,6.8
False,17.5,8.1,8.2
False,3.1,5.5,6.4
True,3.1,5.5,6.4
False,3.1,5.5,6.4
False,3.1,5.5,6.4
True,3.1,5.5,6.4
False,1.9,6.5,6.6
True,7.9,7.2,7.5
False,1.3,5.3,5.2
False,18.1,6.8,7.1
False,18.1,6.8,7.1
False,18.1,6.8,7.1
False,18.1,6.8,7.1
False,2.9,5.9,6.7
False,2.9,5.9,6.7
True,1.7,6.4,6.9
False,19.9,7.1,7.4
False,19.9,7.1,7.4
False,19.9,7.1,7.4
False,19.9,7.1,7.4
True,19.9,7.1,7.4
False,17.5,8.2,8.4
False,17.5,8.2,8.4
False,17.5,8.2,8.4
False,17.5,8.2,8.4
False,20.1,8.2,8.5
False,7.8,6.9,7.1
True,7.8,6.9,7.1
True,13.5,6.5,7.1
False,13.5,6.5,7.1
False,13.5,6.5,7.1
False,19.7,6.9,6.9
True,19.7,6.9,6.9
False,15.0,6.8,7.2
False,16.0,6.6,6.8
False,16.0,6.6,6.8
False,16.0,6.6,6.8
False,16.0,6.6,6.8
False,16.0,6.6,6.8
False,7.9,6.9,7.3
True,7.9,6.9,7.3
False,15.8,7.2,7.5
False,15.8,7.2,7.5
True,15.8,7.2,7.5
False,15.8,7.2,7.5
False,15.8,7.2,7.5
False,24.2,6.8,6.7
False,38.2,7.4,7.7
True,8.9,7.0,7.6
False,8.9,7.0,7.6
False,8.9,7.0,7.6
False,8.0,6.7,6.6
False,9.8,6.8,7.5
False,9.8,6.8,7.5
False,11.9,7.5,7.8
False,11.9,7.5,7.8
True,11.9,7.5,7.8
True,11.9,7.5,7.8
False,3.5,6.3,6.0
False,23.2,7.9,8.0
False,11.1,7.8,8.1
False,11.1,7.8,8.1
False,7.5,7.4,7.6
False,26.2,7.0,7.4
False,26.2,7.0,7.4
False,26.2,7.0,7.4
False,18.5,7.5,7.6
True,18.5,7.5,7.6
True,18.5,7.5,7.6
False,18.5,7.5,7.6
False,18.5,7.5,7.6
